INSERT INTO Admin (admin_id, name, email, password_harsh) VALUES ('1', 'Jacqui McCunn', 'jmccunn0@amazon.de', '$2a$04$z/6cYF.H8DfroX.UzgEfbuTAfRKjID2BERgfH7A3FMNufLKQU76MC');
INSERT INTO Admin (admin_id, name, email, password_harsh) VALUES ('2', 'Lia MacNamee', 'lmacnamee1@reference.com', '$2a$04$ZPiI2KJ0hV2LN4lzfNjDs.gOz0Odmki9OJVUcvnGqbYNKMK7/KwfC');
INSERT INTO Admin (admin_id, name, email, password_harsh) VALUES ('3', 'Gwyneth Aslett', 'gaslett2@nymag.com', '$2a$04$RiVEL9GOqufXMft.5EcWkeEP.IJPtSjKfKEsnpNPfuq3Y5/qo8QtG');
INSERT INTO Admin (admin_id, name, email, password_harsh) VALUES ('4', 'Dido Gosnold', 'dgosnold3@blogspot.com', '$2a$04$HG50KZFLGs5DYc4bjbPhiuKHWum4P4nhN5/Tm0vQ4N3BZL9.ct./a');
INSERT INTO Admin (admin_id, name, email, password_harsh) VALUES ('5', 'Murdock Ducker', 'mducker4@amazon.de', '$2a$04$ZN5puF7QgaNKp5rJaVaDDuz0yLXNRyhYz1V92hI1QVloX6daMWZl.');

INSERT INTO Cart (cart_id, customer_id, total_amount) VALUES ('1', '109', '73');
INSERT INTO Cart (cart_id, customer_id, total_amount) VALUES ('2', '120', '24');
INSERT INTO Cart (cart_id, customer_id, total_amount) VALUES ('3', '126', '69');
INSERT INTO Cart (cart_id, customer_id, total_amount) VALUES ('4', '168', '6');
INSERT INTO Cart (cart_id, customer_id, total_amount) VALUES ('5', '165', '78');
INSERT INTO Cart (cart_id, customer_id, total_amount) VALUES ('6', '71', '34');
INSERT INTO Cart (cart_id, customer_id, total_amount) VALUES ('7', '179', '91');
INSERT INTO Cart (cart_id, customer_id, total_amount) VALUES ('8', '162', '43');
INSERT INTO Cart (cart_id, customer_id, total_amount) VALUES ('9', '99', '85');
INSERT INTO Cart (cart_id, customer_id, total_amount) VALUES ('10', '49', '73');
INSERT INTO Cart (cart_id, customer_id, total_amount) VALUES ('11', '21', '66');
INSERT INTO Cart (cart_id, customer_id, total_amount) VALUES ('12', '82', '100');
INSERT INTO Cart (cart_id, customer_id, total_amount) VALUES ('13', '8', '17');
INSERT INTO Cart (cart_id, customer_id, total_amount) VALUES ('14', '198', '18');
INSERT INTO Cart (cart_id, customer_id, total_amount) VALUES ('15', '144', '42');
INSERT INTO Cart (cart_id, customer_id, total_amount) VALUES ('16', '65', '29');
INSERT INTO Cart (cart_id, customer_id, total_amount) VALUES ('17', '152', '52');
INSERT INTO Cart (cart_id, customer_id, total_amount) VALUES ('18', '73', '38');
INSERT INTO Cart (cart_id, customer_id, total_amount) VALUES ('19', '159', '97');
INSERT INTO Cart (cart_id, customer_id, total_amount) VALUES ('20', '33', '12');
INSERT INTO Cart (cart_id, customer_id, total_amount) VALUES ('21', '162', '41');
INSERT INTO Cart (cart_id, customer_id, total_amount) VALUES ('22', '161', '31');
INSERT INTO Cart (cart_id, customer_id, total_amount) VALUES ('23', '168', '51');
INSERT INTO Cart (cart_id, customer_id, total_amount) VALUES ('24', '62', '85');
INSERT INTO Cart (cart_id, customer_id, total_amount) VALUES ('25', '178', '68');
INSERT INTO Cart (cart_id, customer_id, total_amount) VALUES ('26', '165', '31');
INSERT INTO Cart (cart_id, customer_id, total_amount) VALUES ('27', '149', '73');
INSERT INTO Cart (cart_id, customer_id, total_amount) VALUES ('28', '117', '37');
INSERT INTO Cart (cart_id, customer_id, total_amount) VALUES ('29', '137', '38');
INSERT INTO Cart (cart_id, customer_id, total_amount) VALUES ('30', '131', '38');
INSERT INTO Cart (cart_id, customer_id, total_amount) VALUES ('31', '77', '85');
INSERT INTO Cart (cart_id, customer_id, total_amount) VALUES ('32', '66', '16');
INSERT INTO Cart (cart_id, customer_id, total_amount) VALUES ('33', '41', '100');
INSERT INTO Cart (cart_id, customer_id, total_amount) VALUES ('34', '193', '33');
INSERT INTO Cart (cart_id, customer_id, total_amount) VALUES ('35', '145', '49');
INSERT INTO Cart (cart_id, customer_id, total_amount) VALUES ('36', '22', '32');
INSERT INTO Cart (cart_id, customer_id, total_amount) VALUES ('37', '155', '61');
INSERT INTO Cart (cart_id, customer_id, total_amount) VALUES ('38', '104', '14');
INSERT INTO Cart (cart_id, customer_id, total_amount) VALUES ('39', '163', '80');
INSERT INTO Cart (cart_id, customer_id, total_amount) VALUES ('40', '121', '49');
INSERT INTO Cart (cart_id, customer_id, total_amount) VALUES ('41', '85', '36');
INSERT INTO Cart (cart_id, customer_id, total_amount) VALUES ('42', '87', '4');
INSERT INTO Cart (cart_id, customer_id, total_amount) VALUES ('43', '78', '91');
INSERT INTO Cart (cart_id, customer_id, total_amount) VALUES ('44', '177', '67');
INSERT INTO Cart (cart_id, customer_id, total_amount) VALUES ('45', '122', '2');
INSERT INTO Cart (cart_id, customer_id, total_amount) VALUES ('46', '148', '13');
INSERT INTO Cart (cart_id, customer_id, total_amount) VALUES ('47', '80', '99');
INSERT INTO Cart (cart_id, customer_id, total_amount) VALUES ('48', '108', '55');
INSERT INTO Cart (cart_id, customer_id, total_amount) VALUES ('49', '115', '50');
INSERT INTO Cart (cart_id, customer_id, total_amount) VALUES ('50', '17', '12');
INSERT INTO Cart (cart_id, customer_id, total_amount) VALUES ('51', '117', '45');
INSERT INTO Cart (cart_id, customer_id, total_amount) VALUES ('52', '22', '70');
INSERT INTO Cart (cart_id, customer_id, total_amount) VALUES ('53', '75', '66');
INSERT INTO Cart (cart_id, customer_id, total_amount) VALUES ('54', '10', '58');
INSERT INTO Cart (cart_id, customer_id, total_amount) VALUES ('55', '93', '42');
INSERT INTO Cart (cart_id, customer_id, total_amount) VALUES ('56', '41', '35');
INSERT INTO Cart (cart_id, customer_id, total_amount) VALUES ('57', '57', '78');
INSERT INTO Cart (cart_id, customer_id, total_amount) VALUES ('58', '170', '84');
INSERT INTO Cart (cart_id, customer_id, total_amount) VALUES ('59', '160', '54');
INSERT INTO Cart (cart_id, customer_id, total_amount) VALUES ('60', '69', '57');
INSERT INTO Cart (cart_id, customer_id, total_amount) VALUES ('61', '194', '40');
INSERT INTO Cart (cart_id, customer_id, total_amount) VALUES ('62', '69', '84');
INSERT INTO Cart (cart_id, customer_id, total_amount) VALUES ('63', '19', '51');
INSERT INTO Cart (cart_id, customer_id, total_amount) VALUES ('64', '122', '74');
INSERT INTO Cart (cart_id, customer_id, total_amount) VALUES ('65', '141', '79');
INSERT INTO Cart (cart_id, customer_id, total_amount) VALUES ('66', '159', '73');
INSERT INTO Cart (cart_id, customer_id, total_amount) VALUES ('67', '116', '1');
INSERT INTO Cart (cart_id, customer_id, total_amount) VALUES ('68', '24', '60');
INSERT INTO Cart (cart_id, customer_id, total_amount) VALUES ('69', '62', '63');
INSERT INTO Cart (cart_id, customer_id, total_amount) VALUES ('70', '71', '58');
INSERT INTO Cart (cart_id, customer_id, total_amount) VALUES ('71', '88', '80');
INSERT INTO Cart (cart_id, customer_id, total_amount) VALUES ('72', '68', '9');
INSERT INTO Cart (cart_id, customer_id, total_amount) VALUES ('73', '131', '31');
INSERT INTO Cart (cart_id, customer_id, total_amount) VALUES ('74', '79', '42');
INSERT INTO Cart (cart_id, customer_id, total_amount) VALUES ('75', '26', '3');
INSERT INTO Cart (cart_id, customer_id, total_amount) VALUES ('76', '186', '56');
INSERT INTO Cart (cart_id, customer_id, total_amount) VALUES ('77', '55', '2');
INSERT INTO Cart (cart_id, customer_id, total_amount) VALUES ('78', '100', '97');
INSERT INTO Cart (cart_id, customer_id, total_amount) VALUES ('79', '61', '79');
INSERT INTO Cart (cart_id, customer_id, total_amount) VALUES ('80', '183', '39');
INSERT INTO Cart (cart_id, customer_id, total_amount) VALUES ('81', '71', '19');
INSERT INTO Cart (cart_id, customer_id, total_amount) VALUES ('82', '42', '27');
INSERT INTO Cart (cart_id, customer_id, total_amount) VALUES ('83', '88', '89');
INSERT INTO Cart (cart_id, customer_id, total_amount) VALUES ('84', '76', '15');
INSERT INTO Cart (cart_id, customer_id, total_amount) VALUES ('85', '96', '71');
INSERT INTO Cart (cart_id, customer_id, total_amount) VALUES ('86', '88', '83');
INSERT INTO Cart (cart_id, customer_id, total_amount) VALUES ('87', '137', '90');
INSERT INTO Cart (cart_id, customer_id, total_amount) VALUES ('88', '92', '5');
INSERT INTO Cart (cart_id, customer_id, total_amount) VALUES ('89', '128', '79');
INSERT INTO Cart (cart_id, customer_id, total_amount) VALUES ('90', '193', '55');
INSERT INTO Cart (cart_id, customer_id, total_amount) VALUES ('91', '93', '54');
INSERT INTO Cart (cart_id, customer_id, total_amount) VALUES ('92', '171', '71');
INSERT INTO Cart (cart_id, customer_id, total_amount) VALUES ('93', '31', '97');
INSERT INTO Cart (cart_id, customer_id, total_amount) VALUES ('94', '126', '99');
INSERT INTO Cart (cart_id, customer_id, total_amount) VALUES ('95', '115', '14');
INSERT INTO Cart (cart_id, customer_id, total_amount) VALUES ('96', '114', '99');
INSERT INTO Cart (cart_id, customer_id, total_amount) VALUES ('97', '114', '25');
INSERT INTO Cart (cart_id, customer_id, total_amount) VALUES ('98', '117', '81');
INSERT INTO Cart (cart_id, customer_id, total_amount) VALUES ('99', '141', '88');
INSERT INTO Cart (cart_id, customer_id, total_amount) VALUES ('100', '62', '71');
INSERT INTO Cart (cart_id, customer_id, total_amount) VALUES ('101', '183', '98');
INSERT INTO Cart (cart_id, customer_id, total_amount) VALUES ('102', '70', '28');
INSERT INTO Cart (cart_id, customer_id, total_amount) VALUES ('103', '59', '54');
INSERT INTO Cart (cart_id, customer_id, total_amount) VALUES ('104', '144', '66');
INSERT INTO Cart (cart_id, customer_id, total_amount) VALUES ('105', '9', '1');
INSERT INTO Cart (cart_id, customer_id, total_amount) VALUES ('106', '71', '32');
INSERT INTO Cart (cart_id, customer_id, total_amount) VALUES ('107', '123', '90');
INSERT INTO Cart (cart_id, customer_id, total_amount) VALUES ('108', '177', '24');
INSERT INTO Cart (cart_id, customer_id, total_amount) VALUES ('109', '145', '30');
INSERT INTO Cart (cart_id, customer_id, total_amount) VALUES ('110', '48', '35');
INSERT INTO Cart (cart_id, customer_id, total_amount) VALUES ('111', '61', '2');
INSERT INTO Cart (cart_id, customer_id, total_amount) VALUES ('112', '80', '58');
INSERT INTO Cart (cart_id, customer_id, total_amount) VALUES ('113', '136', '1');
INSERT INTO Cart (cart_id, customer_id, total_amount) VALUES ('114', '195', '100');
INSERT INTO Cart (cart_id, customer_id, total_amount) VALUES ('115', '185', '56');
INSERT INTO Cart (cart_id, customer_id, total_amount) VALUES ('116', '109', '39');
INSERT INTO Cart (cart_id, customer_id, total_amount) VALUES ('117', '20', '31');
INSERT INTO Cart (cart_id, customer_id, total_amount) VALUES ('118', '134', '23');
INSERT INTO Cart (cart_id, customer_id, total_amount) VALUES ('119', '119', '71');
INSERT INTO Cart (cart_id, customer_id, total_amount) VALUES ('120', '79', '64');
INSERT INTO Cart (cart_id, customer_id, total_amount) VALUES ('121', '114', '18');
INSERT INTO Cart (cart_id, customer_id, total_amount) VALUES ('122', '118', '99');
INSERT INTO Cart (cart_id, customer_id, total_amount) VALUES ('123', '151', '92');
INSERT INTO Cart (cart_id, customer_id, total_amount) VALUES ('124', '8', '30');
INSERT INTO Cart (cart_id, customer_id, total_amount) VALUES ('125', '29', '78');
INSERT INTO Cart (cart_id, customer_id, total_amount) VALUES ('126', '144', '30');
INSERT INTO Cart (cart_id, customer_id, total_amount) VALUES ('127', '135', '98');
INSERT INTO Cart (cart_id, customer_id, total_amount) VALUES ('128', '59', '13');
INSERT INTO Cart (cart_id, customer_id, total_amount) VALUES ('129', '190', '27');
INSERT INTO Cart (cart_id, customer_id, total_amount) VALUES ('130', '59', '96');
INSERT INTO Cart (cart_id, customer_id, total_amount) VALUES ('131', '79', '65');
INSERT INTO Cart (cart_id, customer_id, total_amount) VALUES ('132', '136', '8');
INSERT INTO Cart (cart_id, customer_id, total_amount) VALUES ('133', '42', '51');
INSERT INTO Cart (cart_id, customer_id, total_amount) VALUES ('134', '181', '57');
INSERT INTO Cart (cart_id, customer_id, total_amount) VALUES ('135', '65', '57');
INSERT INTO Cart (cart_id, customer_id, total_amount) VALUES ('136', '56', '19');
INSERT INTO Cart (cart_id, customer_id, total_amount) VALUES ('137', '130', '22');
INSERT INTO Cart (cart_id, customer_id, total_amount) VALUES ('138', '181', '64');
INSERT INTO Cart (cart_id, customer_id, total_amount) VALUES ('139', '69', '90');
INSERT INTO Cart (cart_id, customer_id, total_amount) VALUES ('140', '28', '92');
INSERT INTO Cart (cart_id, customer_id, total_amount) VALUES ('141', '198', '88');
INSERT INTO Cart (cart_id, customer_id, total_amount) VALUES ('142', '77', '76');
INSERT INTO Cart (cart_id, customer_id, total_amount) VALUES ('143', '156', '5');
INSERT INTO Cart (cart_id, customer_id, total_amount) VALUES ('144', '98', '46');
INSERT INTO Cart (cart_id, customer_id, total_amount) VALUES ('145', '111', '87');
INSERT INTO Cart (cart_id, customer_id, total_amount) VALUES ('146', '69', '65');
INSERT INTO Cart (cart_id, customer_id, total_amount) VALUES ('147', '83', '47');
INSERT INTO Cart (cart_id, customer_id, total_amount) VALUES ('148', '60', '55');
INSERT INTO Cart (cart_id, customer_id, total_amount) VALUES ('149', '150', '64');
INSERT INTO Cart (cart_id, customer_id, total_amount) VALUES ('150', '191', '91');
INSERT INTO Cart (cart_id, customer_id, total_amount) VALUES ('151', '81', '69');
INSERT INTO Cart (cart_id, customer_id, total_amount) VALUES ('152', '81', '14');
INSERT INTO Cart (cart_id, customer_id, total_amount) VALUES ('153', '156', '53');
INSERT INTO Cart (cart_id, customer_id, total_amount) VALUES ('154', '183', '66');
INSERT INTO Cart (cart_id, customer_id, total_amount) VALUES ('155', '149', '21');
INSERT INTO Cart (cart_id, customer_id, total_amount) VALUES ('156', '49', '96');
INSERT INTO Cart (cart_id, customer_id, total_amount) VALUES ('157', '63', '47');
INSERT INTO Cart (cart_id, customer_id, total_amount) VALUES ('158', '102', '94');
INSERT INTO Cart (cart_id, customer_id, total_amount) VALUES ('159', '167', '18');
INSERT INTO Cart (cart_id, customer_id, total_amount) VALUES ('160', '69', '56');
INSERT INTO Cart (cart_id, customer_id, total_amount) VALUES ('161', '170', '63');
INSERT INTO Cart (cart_id, customer_id, total_amount) VALUES ('162', '85', '93');
INSERT INTO Cart (cart_id, customer_id, total_amount) VALUES ('163', '31', '26');
INSERT INTO Cart (cart_id, customer_id, total_amount) VALUES ('164', '55', '91');
INSERT INTO Cart (cart_id, customer_id, total_amount) VALUES ('165', '56', '53');
INSERT INTO Cart (cart_id, customer_id, total_amount) VALUES ('166', '190', '80');
INSERT INTO Cart (cart_id, customer_id, total_amount) VALUES ('167', '22', '19');
INSERT INTO Cart (cart_id, customer_id, total_amount) VALUES ('168', '75', '82');
INSERT INTO Cart (cart_id, customer_id, total_amount) VALUES ('169', '59', '7');
INSERT INTO Cart (cart_id, customer_id, total_amount) VALUES ('170', '70', '23');
INSERT INTO Cart (cart_id, customer_id, total_amount) VALUES ('171', '127', '20');
INSERT INTO Cart (cart_id, customer_id, total_amount) VALUES ('172', '168', '46');
INSERT INTO Cart (cart_id, customer_id, total_amount) VALUES ('173', '48', '91');
INSERT INTO Cart (cart_id, customer_id, total_amount) VALUES ('174', '116', '42');
INSERT INTO Cart (cart_id, customer_id, total_amount) VALUES ('175', '160', '78');
INSERT INTO Cart (cart_id, customer_id, total_amount) VALUES ('176', '163', '25');
INSERT INTO Cart (cart_id, customer_id, total_amount) VALUES ('177', '150', '21');
INSERT INTO Cart (cart_id, customer_id, total_amount) VALUES ('178', '179', '80');
INSERT INTO Cart (cart_id, customer_id, total_amount) VALUES ('179', '56', '39');
INSERT INTO Cart (cart_id, customer_id, total_amount) VALUES ('180', '198', '11');
INSERT INTO Cart (cart_id, customer_id, total_amount) VALUES ('181', '54', '77');
INSERT INTO Cart (cart_id, customer_id, total_amount) VALUES ('182', '198', '58');
INSERT INTO Cart (cart_id, customer_id, total_amount) VALUES ('183', '11', '77');
INSERT INTO Cart (cart_id, customer_id, total_amount) VALUES ('184', '183', '94');
INSERT INTO Cart (cart_id, customer_id, total_amount) VALUES ('185', '95', '27');
INSERT INTO Cart (cart_id, customer_id, total_amount) VALUES ('186', '71', '64');
INSERT INTO Cart (cart_id, customer_id, total_amount) VALUES ('187', '10', '98');
INSERT INTO Cart (cart_id, customer_id, total_amount) VALUES ('188', '28', '51');
INSERT INTO Cart (cart_id, customer_id, total_amount) VALUES ('189', '189', '77');
INSERT INTO Cart (cart_id, customer_id, total_amount) VALUES ('190', '54', '4');
INSERT INTO Cart (cart_id, customer_id, total_amount) VALUES ('191', '135', '66');
INSERT INTO Cart (cart_id, customer_id, total_amount) VALUES ('192', '14', '29');
INSERT INTO Cart (cart_id, customer_id, total_amount) VALUES ('193', '86', '95');
INSERT INTO Cart (cart_id, customer_id, total_amount) VALUES ('194', '139', '77');
INSERT INTO Cart (cart_id, customer_id, total_amount) VALUES ('195', '192', '44');
INSERT INTO Cart (cart_id, customer_id, total_amount) VALUES ('196', '100', '50');
INSERT INTO Cart (cart_id, customer_id, total_amount) VALUES ('197', '74', '46');
INSERT INTO Cart (cart_id, customer_id, total_amount) VALUES ('198', '73', '78');
INSERT INTO Cart (cart_id, customer_id, total_amount) VALUES ('199', '177', '54');
INSERT INTO Cart (cart_id, customer_id, total_amount) VALUES ('200', '25', '87');

INSERT INTO Cart_Item (cart_item_id, cart_id, product_id, quantity) VALUES ('1', '110', '159', '231');
INSERT INTO Cart_Item (cart_item_id, cart_id, product_id, quantity) VALUES ('2', '142', '81', '5');
INSERT INTO Cart_Item (cart_item_id, cart_id, product_id, quantity) VALUES ('3', '119', '99', '120');
INSERT INTO Cart_Item (cart_item_id, cart_id, product_id, quantity) VALUES ('4', '83', '198', '5');
INSERT INTO Cart_Item (cart_item_id, cart_id, product_id, quantity) VALUES ('5', '148', '175', '201');
INSERT INTO Cart_Item (cart_item_id, cart_id, product_id, quantity) VALUES ('6', '10', '155', '260');
INSERT INTO Cart_Item (cart_item_id, cart_id, product_id, quantity) VALUES ('7', '170', '69', '150');
INSERT INTO Cart_Item (cart_item_id, cart_id, product_id, quantity) VALUES ('8', '198', '91', '26');
INSERT INTO Cart_Item (cart_item_id, cart_id, product_id, quantity) VALUES ('9', '113', '191', '239');
INSERT INTO Cart_Item (cart_item_id, cart_id, product_id, quantity) VALUES ('10', '29', '116', '2');
INSERT INTO Cart_Item (cart_item_id, cart_id, product_id, quantity) VALUES ('11', '77', '57', '68');
INSERT INTO Cart_Item (cart_item_id, cart_id, product_id, quantity) VALUES ('12', '104', '54', '227');
INSERT INTO Cart_Item (cart_item_id, cart_id, product_id, quantity) VALUES ('13', '146', '67', '78');
INSERT INTO Cart_Item (cart_item_id, cart_id, product_id, quantity) VALUES ('14', '145', '120', '185');
INSERT INTO Cart_Item (cart_item_id, cart_id, product_id, quantity) VALUES ('15', '18', '193', '136');
INSERT INTO Cart_Item (cart_item_id, cart_id, product_id, quantity) VALUES ('16', '103', '139', '229');
INSERT INTO Cart_Item (cart_item_id, cart_id, product_id, quantity) VALUES ('17', '182', '180', '65');
INSERT INTO Cart_Item (cart_item_id, cart_id, product_id, quantity) VALUES ('18', '146', '95', '153');
INSERT INTO Cart_Item (cart_item_id, cart_id, product_id, quantity) VALUES ('19', '193', '199', '135');
INSERT INTO Cart_Item (cart_item_id, cart_id, product_id, quantity) VALUES ('20', '129', '181', '195');
INSERT INTO Cart_Item (cart_item_id, cart_id, product_id, quantity) VALUES ('21', '132', '107', '123');
INSERT INTO Cart_Item (cart_item_id, cart_id, product_id, quantity) VALUES ('22', '142', '42', '188');
INSERT INTO Cart_Item (cart_item_id, cart_id, product_id, quantity) VALUES ('23', '164', '188', '290');
INSERT INTO Cart_Item (cart_item_id, cart_id, product_id, quantity) VALUES ('24', '16', '20', '217');
INSERT INTO Cart_Item (cart_item_id, cart_id, product_id, quantity) VALUES ('25', '46', '192', '119');
INSERT INTO Cart_Item (cart_item_id, cart_id, product_id, quantity) VALUES ('26', '126', '199', '20');
INSERT INTO Cart_Item (cart_item_id, cart_id, product_id, quantity) VALUES ('27', '54', '7', '269');
INSERT INTO Cart_Item (cart_item_id, cart_id, product_id, quantity) VALUES ('28', '142', '106', '155');
INSERT INTO Cart_Item (cart_item_id, cart_id, product_id, quantity) VALUES ('29', '95', '101', '272');
INSERT INTO Cart_Item (cart_item_id, cart_id, product_id, quantity) VALUES ('30', '88', '121', '241');
INSERT INTO Cart_Item (cart_item_id, cart_id, product_id, quantity) VALUES ('31', '1', '169', '202');
INSERT INTO Cart_Item (cart_item_id, cart_id, product_id, quantity) VALUES ('32', '115', '6', '58');
INSERT INTO Cart_Item (cart_item_id, cart_id, product_id, quantity) VALUES ('33', '85', '4', '37');
INSERT INTO Cart_Item (cart_item_id, cart_id, product_id, quantity) VALUES ('34', '144', '155', '259');
INSERT INTO Cart_Item (cart_item_id, cart_id, product_id, quantity) VALUES ('35', '23', '124', '247');
INSERT INTO Cart_Item (cart_item_id, cart_id, product_id, quantity) VALUES ('36', '12', '84', '76');
INSERT INTO Cart_Item (cart_item_id, cart_id, product_id, quantity) VALUES ('37', '31', '50', '180');
INSERT INTO Cart_Item (cart_item_id, cart_id, product_id, quantity) VALUES ('38', '196', '144', '247');
INSERT INTO Cart_Item (cart_item_id, cart_id, product_id, quantity) VALUES ('39', '185', '149', '125');
INSERT INTO Cart_Item (cart_item_id, cart_id, product_id, quantity) VALUES ('40', '153', '130', '81');
INSERT INTO Cart_Item (cart_item_id, cart_id, product_id, quantity) VALUES ('41', '41', '59', '257');
INSERT INTO Cart_Item (cart_item_id, cart_id, product_id, quantity) VALUES ('42', '174', '153', '78');
INSERT INTO Cart_Item (cart_item_id, cart_id, product_id, quantity) VALUES ('43', '106', '14', '18');
INSERT INTO Cart_Item (cart_item_id, cart_id, product_id, quantity) VALUES ('44', '139', '22', '284');
INSERT INTO Cart_Item (cart_item_id, cart_id, product_id, quantity) VALUES ('45', '183', '29', '88');
INSERT INTO Cart_Item (cart_item_id, cart_id, product_id, quantity) VALUES ('46', '130', '147', '206');
INSERT INTO Cart_Item (cart_item_id, cart_id, product_id, quantity) VALUES ('47', '154', '90', '266');
INSERT INTO Cart_Item (cart_item_id, cart_id, product_id, quantity) VALUES ('48', '60', '10', '226');
INSERT INTO Cart_Item (cart_item_id, cart_id, product_id, quantity) VALUES ('49', '14', '168', '227');
INSERT INTO Cart_Item (cart_item_id, cart_id, product_id, quantity) VALUES ('50', '50', '136', '3');
INSERT INTO Cart_Item (cart_item_id, cart_id, product_id, quantity) VALUES ('51', '164', '12', '238');
INSERT INTO Cart_Item (cart_item_id, cart_id, product_id, quantity) VALUES ('52', '106', '138', '111');
INSERT INTO Cart_Item (cart_item_id, cart_id, product_id, quantity) VALUES ('53', '169', '192', '244');
INSERT INTO Cart_Item (cart_item_id, cart_id, product_id, quantity) VALUES ('54', '81', '57', '168');
INSERT INTO Cart_Item (cart_item_id, cart_id, product_id, quantity) VALUES ('55', '51', '70', '227');
INSERT INTO Cart_Item (cart_item_id, cart_id, product_id, quantity) VALUES ('56', '165', '191', '100');
INSERT INTO Cart_Item (cart_item_id, cart_id, product_id, quantity) VALUES ('57', '25', '115', '124');
INSERT INTO Cart_Item (cart_item_id, cart_id, product_id, quantity) VALUES ('58', '10', '106', '73');
INSERT INTO Cart_Item (cart_item_id, cart_id, product_id, quantity) VALUES ('59', '88', '51', '136');
INSERT INTO Cart_Item (cart_item_id, cart_id, product_id, quantity) VALUES ('60', '12', '176', '108');
INSERT INTO Cart_Item (cart_item_id, cart_id, product_id, quantity) VALUES ('61', '153', '96', '191');
INSERT INTO Cart_Item (cart_item_id, cart_id, product_id, quantity) VALUES ('62', '50', '81', '2');
INSERT INTO Cart_Item (cart_item_id, cart_id, product_id, quantity) VALUES ('63', '169', '61', '168');
INSERT INTO Cart_Item (cart_item_id, cart_id, product_id, quantity) VALUES ('64', '48', '91', '73');
INSERT INTO Cart_Item (cart_item_id, cart_id, product_id, quantity) VALUES ('65', '54', '61', '84');
INSERT INTO Cart_Item (cart_item_id, cart_id, product_id, quantity) VALUES ('66', '96', '186', '34');
INSERT INTO Cart_Item (cart_item_id, cart_id, product_id, quantity) VALUES ('67', '153', '188', '145');
INSERT INTO Cart_Item (cart_item_id, cart_id, product_id, quantity) VALUES ('68', '152', '126', '7');
INSERT INTO Cart_Item (cart_item_id, cart_id, product_id, quantity) VALUES ('69', '179', '155', '15');
INSERT INTO Cart_Item (cart_item_id, cart_id, product_id, quantity) VALUES ('70', '167', '128', '33');
INSERT INTO Cart_Item (cart_item_id, cart_id, product_id, quantity) VALUES ('71', '31', '98', '153');
INSERT INTO Cart_Item (cart_item_id, cart_id, product_id, quantity) VALUES ('72', '169', '81', '143');
INSERT INTO Cart_Item (cart_item_id, cart_id, product_id, quantity) VALUES ('73', '18', '128', '180');
INSERT INTO Cart_Item (cart_item_id, cart_id, product_id, quantity) VALUES ('74', '80', '118', '121');
INSERT INTO Cart_Item (cart_item_id, cart_id, product_id, quantity) VALUES ('75', '108', '187', '177');
INSERT INTO Cart_Item (cart_item_id, cart_id, product_id, quantity) VALUES ('76', '200', '84', '112');
INSERT INTO Cart_Item (cart_item_id, cart_id, product_id, quantity) VALUES ('77', '164', '124', '155');
INSERT INTO Cart_Item (cart_item_id, cart_id, product_id, quantity) VALUES ('78', '189', '40', '231');
INSERT INTO Cart_Item (cart_item_id, cart_id, product_id, quantity) VALUES ('79', '7', '42', '95');
INSERT INTO Cart_Item (cart_item_id, cart_id, product_id, quantity) VALUES ('80', '29', '9', '17');
INSERT INTO Cart_Item (cart_item_id, cart_id, product_id, quantity) VALUES ('81', '32', '126', '91');
INSERT INTO Cart_Item (cart_item_id, cart_id, product_id, quantity) VALUES ('82', '107', '164', '264');
INSERT INTO Cart_Item (cart_item_id, cart_id, product_id, quantity) VALUES ('83', '150', '4', '266');
INSERT INTO Cart_Item (cart_item_id, cart_id, product_id, quantity) VALUES ('84', '99', '105', '77');
INSERT INTO Cart_Item (cart_item_id, cart_id, product_id, quantity) VALUES ('85', '52', '193', '296');
INSERT INTO Cart_Item (cart_item_id, cart_id, product_id, quantity) VALUES ('86', '122', '154', '267');
INSERT INTO Cart_Item (cart_item_id, cart_id, product_id, quantity) VALUES ('87', '114', '61', '46');
INSERT INTO Cart_Item (cart_item_id, cart_id, product_id, quantity) VALUES ('88', '112', '123', '230');
INSERT INTO Cart_Item (cart_item_id, cart_id, product_id, quantity) VALUES ('89', '181', '121', '82');
INSERT INTO Cart_Item (cart_item_id, cart_id, product_id, quantity) VALUES ('90', '169', '75', '83');
INSERT INTO Cart_Item (cart_item_id, cart_id, product_id, quantity) VALUES ('91', '64', '31', '70');
INSERT INTO Cart_Item (cart_item_id, cart_id, product_id, quantity) VALUES ('92', '19', '78', '252');
INSERT INTO Cart_Item (cart_item_id, cart_id, product_id, quantity) VALUES ('93', '115', '8', '31');
INSERT INTO Cart_Item (cart_item_id, cart_id, product_id, quantity) VALUES ('94', '93', '77', '274');
INSERT INTO Cart_Item (cart_item_id, cart_id, product_id, quantity) VALUES ('95', '139', '41', '19');
INSERT INTO Cart_Item (cart_item_id, cart_id, product_id, quantity) VALUES ('96', '121', '186', '79');
INSERT INTO Cart_Item (cart_item_id, cart_id, product_id, quantity) VALUES ('97', '176', '40', '9');
INSERT INTO Cart_Item (cart_item_id, cart_id, product_id, quantity) VALUES ('98', '43', '28', '40');
INSERT INTO Cart_Item (cart_item_id, cart_id, product_id, quantity) VALUES ('99', '97', '93', '179');
INSERT INTO Cart_Item (cart_item_id, cart_id, product_id, quantity) VALUES ('100', '22', '120', '123');
INSERT INTO Cart_Item (cart_item_id, cart_id, product_id, quantity) VALUES ('101', '101', '75', '40');
INSERT INTO Cart_Item (cart_item_id, cart_id, product_id, quantity) VALUES ('102', '123', '16', '255');
INSERT INTO Cart_Item (cart_item_id, cart_id, product_id, quantity) VALUES ('103', '134', '21', '248');
INSERT INTO Cart_Item (cart_item_id, cart_id, product_id, quantity) VALUES ('104', '110', '78', '17');
INSERT INTO Cart_Item (cart_item_id, cart_id, product_id, quantity) VALUES ('105', '74', '67', '41');
INSERT INTO Cart_Item (cart_item_id, cart_id, product_id, quantity) VALUES ('106', '65', '146', '97');
INSERT INTO Cart_Item (cart_item_id, cart_id, product_id, quantity) VALUES ('107', '139', '149', '31');
INSERT INTO Cart_Item (cart_item_id, cart_id, product_id, quantity) VALUES ('108', '77', '41', '253');
INSERT INTO Cart_Item (cart_item_id, cart_id, product_id, quantity) VALUES ('109', '165', '169', '294');
INSERT INTO Cart_Item (cart_item_id, cart_id, product_id, quantity) VALUES ('110', '87', '99', '45');
INSERT INTO Cart_Item (cart_item_id, cart_id, product_id, quantity) VALUES ('111', '15', '195', '152');
INSERT INTO Cart_Item (cart_item_id, cart_id, product_id, quantity) VALUES ('112', '18', '78', '85');
INSERT INTO Cart_Item (cart_item_id, cart_id, product_id, quantity) VALUES ('113', '196', '64', '193');
INSERT INTO Cart_Item (cart_item_id, cart_id, product_id, quantity) VALUES ('114', '193', '190', '183');
INSERT INTO Cart_Item (cart_item_id, cart_id, product_id, quantity) VALUES ('115', '68', '116', '191');
INSERT INTO Cart_Item (cart_item_id, cart_id, product_id, quantity) VALUES ('116', '191', '169', '2');
INSERT INTO Cart_Item (cart_item_id, cart_id, product_id, quantity) VALUES ('117', '10', '96', '207');
INSERT INTO Cart_Item (cart_item_id, cart_id, product_id, quantity) VALUES ('118', '175', '171', '121');
INSERT INTO Cart_Item (cart_item_id, cart_id, product_id, quantity) VALUES ('119', '29', '93', '254');
INSERT INTO Cart_Item (cart_item_id, cart_id, product_id, quantity) VALUES ('120', '166', '83', '280');
INSERT INTO Cart_Item (cart_item_id, cart_id, product_id, quantity) VALUES ('121', '118', '187', '217');
INSERT INTO Cart_Item (cart_item_id, cart_id, product_id, quantity) VALUES ('122', '16', '197', '80');
INSERT INTO Cart_Item (cart_item_id, cart_id, product_id, quantity) VALUES ('123', '89', '110', '263');
INSERT INTO Cart_Item (cart_item_id, cart_id, product_id, quantity) VALUES ('124', '141', '27', '83');
INSERT INTO Cart_Item (cart_item_id, cart_id, product_id, quantity) VALUES ('125', '98', '144', '12');
INSERT INTO Cart_Item (cart_item_id, cart_id, product_id, quantity) VALUES ('126', '199', '198', '207');
INSERT INTO Cart_Item (cart_item_id, cart_id, product_id, quantity) VALUES ('127', '57', '38', '224');
INSERT INTO Cart_Item (cart_item_id, cart_id, product_id, quantity) VALUES ('128', '151', '121', '106');
INSERT INTO Cart_Item (cart_item_id, cart_id, product_id, quantity) VALUES ('129', '175', '102', '163');
INSERT INTO Cart_Item (cart_item_id, cart_id, product_id, quantity) VALUES ('130', '126', '184', '9');
INSERT INTO Cart_Item (cart_item_id, cart_id, product_id, quantity) VALUES ('131', '128', '68', '104');
INSERT INTO Cart_Item (cart_item_id, cart_id, product_id, quantity) VALUES ('132', '119', '116', '107');
INSERT INTO Cart_Item (cart_item_id, cart_id, product_id, quantity) VALUES ('133', '99', '164', '169');
INSERT INTO Cart_Item (cart_item_id, cart_id, product_id, quantity) VALUES ('134', '194', '176', '233');
INSERT INTO Cart_Item (cart_item_id, cart_id, product_id, quantity) VALUES ('135', '99', '85', '209');
INSERT INTO Cart_Item (cart_item_id, cart_id, product_id, quantity) VALUES ('136', '181', '72', '50');
INSERT INTO Cart_Item (cart_item_id, cart_id, product_id, quantity) VALUES ('137', '128', '29', '122');
INSERT INTO Cart_Item (cart_item_id, cart_id, product_id, quantity) VALUES ('138', '145', '36', '269');
INSERT INTO Cart_Item (cart_item_id, cart_id, product_id, quantity) VALUES ('139', '12', '118', '121');
INSERT INTO Cart_Item (cart_item_id, cart_id, product_id, quantity) VALUES ('140', '114', '28', '101');
INSERT INTO Cart_Item (cart_item_id, cart_id, product_id, quantity) VALUES ('141', '64', '42', '107');
INSERT INTO Cart_Item (cart_item_id, cart_id, product_id, quantity) VALUES ('142', '97', '27', '118');
INSERT INTO Cart_Item (cart_item_id, cart_id, product_id, quantity) VALUES ('143', '81', '93', '230');
INSERT INTO Cart_Item (cart_item_id, cart_id, product_id, quantity) VALUES ('144', '114', '159', '267');
INSERT INTO Cart_Item (cart_item_id, cart_id, product_id, quantity) VALUES ('145', '176', '193', '85');
INSERT INTO Cart_Item (cart_item_id, cart_id, product_id, quantity) VALUES ('146', '78', '43', '150');
INSERT INTO Cart_Item (cart_item_id, cart_id, product_id, quantity) VALUES ('147', '137', '193', '96');
INSERT INTO Cart_Item (cart_item_id, cart_id, product_id, quantity) VALUES ('148', '116', '168', '116');
INSERT INTO Cart_Item (cart_item_id, cart_id, product_id, quantity) VALUES ('149', '55', '184', '20');
INSERT INTO Cart_Item (cart_item_id, cart_id, product_id, quantity) VALUES ('150', '27', '90', '102');
INSERT INTO Cart_Item (cart_item_id, cart_id, product_id, quantity) VALUES ('151', '130', '134', '28');
INSERT INTO Cart_Item (cart_item_id, cart_id, product_id, quantity) VALUES ('152', '83', '69', '177');
INSERT INTO Cart_Item (cart_item_id, cart_id, product_id, quantity) VALUES ('153', '1', '69', '85');
INSERT INTO Cart_Item (cart_item_id, cart_id, product_id, quantity) VALUES ('154', '43', '146', '216');
INSERT INTO Cart_Item (cart_item_id, cart_id, product_id, quantity) VALUES ('155', '150', '75', '102');
INSERT INTO Cart_Item (cart_item_id, cart_id, product_id, quantity) VALUES ('156', '143', '82', '25');
INSERT INTO Cart_Item (cart_item_id, cart_id, product_id, quantity) VALUES ('157', '65', '161', '80');
INSERT INTO Cart_Item (cart_item_id, cart_id, product_id, quantity) VALUES ('158', '196', '163', '138');
INSERT INTO Cart_Item (cart_item_id, cart_id, product_id, quantity) VALUES ('159', '54', '106', '24');
INSERT INTO Cart_Item (cart_item_id, cart_id, product_id, quantity) VALUES ('160', '87', '121', '232');
INSERT INTO Cart_Item (cart_item_id, cart_id, product_id, quantity) VALUES ('161', '110', '176', '2');
INSERT INTO Cart_Item (cart_item_id, cart_id, product_id, quantity) VALUES ('162', '78', '180', '206');
INSERT INTO Cart_Item (cart_item_id, cart_id, product_id, quantity) VALUES ('163', '93', '140', '224');
INSERT INTO Cart_Item (cart_item_id, cart_id, product_id, quantity) VALUES ('164', '170', '84', '255');
INSERT INTO Cart_Item (cart_item_id, cart_id, product_id, quantity) VALUES ('165', '148', '25', '165');
INSERT INTO Cart_Item (cart_item_id, cart_id, product_id, quantity) VALUES ('166', '88', '108', '147');
INSERT INTO Cart_Item (cart_item_id, cart_id, product_id, quantity) VALUES ('167', '132', '186', '130');
INSERT INTO Cart_Item (cart_item_id, cart_id, product_id, quantity) VALUES ('168', '92', '16', '164');
INSERT INTO Cart_Item (cart_item_id, cart_id, product_id, quantity) VALUES ('169', '170', '145', '40');
INSERT INTO Cart_Item (cart_item_id, cart_id, product_id, quantity) VALUES ('170', '24', '166', '97');
INSERT INTO Cart_Item (cart_item_id, cart_id, product_id, quantity) VALUES ('171', '91', '100', '26');
INSERT INTO Cart_Item (cart_item_id, cart_id, product_id, quantity) VALUES ('172', '81', '157', '228');
INSERT INTO Cart_Item (cart_item_id, cart_id, product_id, quantity) VALUES ('173', '112', '174', '127');
INSERT INTO Cart_Item (cart_item_id, cart_id, product_id, quantity) VALUES ('174', '156', '34', '213');
INSERT INTO Cart_Item (cart_item_id, cart_id, product_id, quantity) VALUES ('175', '144', '48', '117');
INSERT INTO Cart_Item (cart_item_id, cart_id, product_id, quantity) VALUES ('176', '17', '10', '276');
INSERT INTO Cart_Item (cart_item_id, cart_id, product_id, quantity) VALUES ('177', '69', '136', '119');
INSERT INTO Cart_Item (cart_item_id, cart_id, product_id, quantity) VALUES ('178', '2', '179', '140');
INSERT INTO Cart_Item (cart_item_id, cart_id, product_id, quantity) VALUES ('179', '192', '32', '102');
INSERT INTO Cart_Item (cart_item_id, cart_id, product_id, quantity) VALUES ('180', '71', '173', '258');
INSERT INTO Cart_Item (cart_item_id, cart_id, product_id, quantity) VALUES ('181', '67', '54', '47');
INSERT INTO Cart_Item (cart_item_id, cart_id, product_id, quantity) VALUES ('182', '9', '115', '272');
INSERT INTO Cart_Item (cart_item_id, cart_id, product_id, quantity) VALUES ('183', '159', '62', '209');
INSERT INTO Cart_Item (cart_item_id, cart_id, product_id, quantity) VALUES ('184', '177', '172', '292');
INSERT INTO Cart_Item (cart_item_id, cart_id, product_id, quantity) VALUES ('185', '55', '149', '11');
INSERT INTO Cart_Item (cart_item_id, cart_id, product_id, quantity) VALUES ('186', '75', '169', '206');
INSERT INTO Cart_Item (cart_item_id, cart_id, product_id, quantity) VALUES ('187', '143', '98', '293');
INSERT INTO Cart_Item (cart_item_id, cart_id, product_id, quantity) VALUES ('188', '77', '32', '148');
INSERT INTO Cart_Item (cart_item_id, cart_id, product_id, quantity) VALUES ('189', '116', '185', '102');
INSERT INTO Cart_Item (cart_item_id, cart_id, product_id, quantity) VALUES ('190', '194', '83', '114');
INSERT INTO Cart_Item (cart_item_id, cart_id, product_id, quantity) VALUES ('191', '116', '147', '10');
INSERT INTO Cart_Item (cart_item_id, cart_id, product_id, quantity) VALUES ('192', '26', '164', '196');
INSERT INTO Cart_Item (cart_item_id, cart_id, product_id, quantity) VALUES ('193', '63', '87', '75');
INSERT INTO Cart_Item (cart_item_id, cart_id, product_id, quantity) VALUES ('194', '59', '160', '194');
INSERT INTO Cart_Item (cart_item_id, cart_id, product_id, quantity) VALUES ('195', '190', '68', '256');
INSERT INTO Cart_Item (cart_item_id, cart_id, product_id, quantity) VALUES ('196', '146', '2', '230');
INSERT INTO Cart_Item (cart_item_id, cart_id, product_id, quantity) VALUES ('197', '113', '155', '129');
INSERT INTO Cart_Item (cart_item_id, cart_id, product_id, quantity) VALUES ('198', '37', '57', '283');
INSERT INTO Cart_Item (cart_item_id, cart_id, product_id, quantity) VALUES ('199', '148', '156', '127');
INSERT INTO Cart_Item (cart_item_id, cart_id, product_id, quantity) VALUES ('200', '34', '179', '266');

INSERT INTO Customer (customer_id, name, address, phone, email, password_harsh) VALUES ('1', 'Glad Crumpe', '55 Trailsway Street', '813-153-7772', 'gcrumpe0@yahoo.co.jp', '$2a$04$MTs39rVO4PJ7XfDQhYltsODKksZS6K5WzkdX4FpWUpV7YOyq0Cayq');
INSERT INTO Customer (customer_id, name, address, phone, email, password_harsh) VALUES ('2', 'Angie Dorrington', '89 Lillian Avenue', '515-546-0576', 'adorrington1@list-manage.com', '$2a$04$8..chAuOKIy3WawT00vZUudT6NeIm1J/Gi/rpCacIKECMQ9JeXHjK');
INSERT INTO Customer (customer_id, name, address, phone, email, password_harsh) VALUES ('3', 'Creight Tatershall', '12008 Mallory Lane', '765-948-6365', 'ctatershall2@google.pl', '$2a$04$skuQZf1lJBgQp5sElxCUKOUDTv62IhP6xiCf5bYiyEHIxANORZOyW');
INSERT INTO Customer (customer_id, name, address, phone, email, password_harsh) VALUES ('4', 'Colas Kalberer', '1389 Merry Lane', '158-868-1733', 'ckalberer3@tmall.com', '$2a$04$BlBnogLSVYI2jBH05OL.SeEjuwXujRnKN0Vm0/1K10slNYRVfWI5O');
INSERT INTO Customer (customer_id, name, address, phone, email, password_harsh) VALUES ('5', 'Brooks Whall', '5 Upham Terrace', '347-742-5718', 'bwhall4@bbc.co.uk', '$2a$04$3ZcGCvrizgejomdhO04YY.9FxOn.ih0//qqtxm3QjKqIu6N9Iytlu');
INSERT INTO Customer (customer_id, name, address, phone, email, password_harsh) VALUES ('6', 'Catharine Sange', '80251 Dorton Crossing', '866-963-0231', 'csange5@java.com', '$2a$04$6gEnAIVNRCzALN5ZXzZjzefZF0/le/8rTwJmHHmhjGPTsIUhkZN8G');
INSERT INTO Customer (customer_id, name, address, phone, email, password_harsh) VALUES ('7', 'Genvieve Stutter', '1 2nd Center', '221-252-2470', 'gstutter6@sphinn.com', '$2a$04$ETbFKrF5M/UZdL45Af3Mk.oTYCNaqDmEKh9FJ8B8QXex6eIcUTSFy');
INSERT INTO Customer (customer_id, name, address, phone, email, password_harsh) VALUES ('8', 'Darryl Rois', '6054 Victoria Point', '483-354-9230', 'drois7@usa.gov', '$2a$04$0SlEIc6gr3NDsETu9B8Otuzc/rg2Bz.8LVQsBaEiyayTBjqviKnLi');
INSERT INTO Customer (customer_id, name, address, phone, email, password_harsh) VALUES ('9', 'Reba Raulin', '966 Namekagon Court', '423-457-5715', 'rraulin8@godaddy.com', '$2a$04$9HVKzAt9qlJUd7lraiPHIOkgcKSC7kPRvwhz5JJrSbZJfjA/qJX3G');
INSERT INTO Customer (customer_id, name, address, phone, email, password_harsh) VALUES ('10', 'Tom O Carroll', '5267 Welch Point', '225-777-0585', 'tocarroll9@cdbaby.com', '$2a$04$hm6pIFuunjkBQi2SEN/9juh/l5KFDDjOALKkqxv/MiKexNf0cu51q');
INSERT INTO Customer (customer_id, name, address, phone, email, password_harsh) VALUES ('11', 'Kincaid Waterstone', '39 Sage Lane', '633-825-1175', 'kwaterstonea@dagondesign.com', '$2a$04$sx6MXWpUP1Ti823PQDkwmuqKfBdSfhKCsgMe8vhv7Xrzz99NLkDUG');
INSERT INTO Customer (customer_id, name, address, phone, email, password_harsh) VALUES ('12', 'Halli Grenshiels', '0200 Lien Center', '278-768-0591', 'hgrenshielsb@theglobeandmail.com', '$2a$04$ivYU0f5d1UbXcJohfLT/SeVqSOegsgj/2xaqT0mWp2nFEniDlygU6');
INSERT INTO Customer (customer_id, name, address, phone, email, password_harsh) VALUES ('13', 'Stoddard Treagust', '45149 Service Avenue', '102-369-9153', 'streagustc@google.com.br', '$2a$04$Sn6J/7EB9Pse2/wSkEbaOueV1L2RZzO7sO9G3EeI6RsO32zvQXmRy');
INSERT INTO Customer (customer_id, name, address, phone, email, password_harsh) VALUES ('14', 'Noel Welham', '744 Debra Center', '416-337-6799', 'nwelhamd@digg.com', '$2a$04$xuOkIiWbAnHkJZFMAj714Ot5Bf8vo.2x83ZHzKl5hcS7QSUtKVzea');
INSERT INTO Customer (customer_id, name, address, phone, email, password_harsh) VALUES ('15', 'Lorri Huxton', '8686 Basil Avenue', '937-555-2930', 'lhuxtone@csmonitor.com', '$2a$04$ttD7nRmsfhFAf6aaV4R/UepzJRgzS2HC5XSATaDvwGB2pEjPjExfa');
INSERT INTO Customer (customer_id, name, address, phone, email, password_harsh) VALUES ('16', 'Sari Beckworth', '7323 Namekagon Junction', '344-174-0952', 'sbeckworthf@cocolog-nifty.com', '$2a$04$dpd7FxBapgLDAYNRm67I7uBjoVTqLJxxLIq2ON8kjdzbSVoGrrxm2');
INSERT INTO Customer (customer_id, name, address, phone, email, password_harsh) VALUES ('17', 'Lenette Yeoman', '8989 Transport Lane', '944-909-2721', 'lyeomang@nbcnews.com', '$2a$04$2fQls8g3I9IjJaZ1xYwzwe6iAZ8AFiQUkG1nelfLvnV5vnjZE/IEO');
INSERT INTO Customer (customer_id, name, address, phone, email, password_harsh) VALUES ('18', 'Heindrick Snazle', '0493 Westerfield Terrace', '800-328-4149', 'hsnazleh@t-online.de', '$2a$04$NHRpNfniNu72ZDfOP61VdeCZgLHFyAWQFyuZCsgDDWxGRXfQdNqqe');
INSERT INTO Customer (customer_id, name, address, phone, email, password_harsh) VALUES ('19', 'Ealasaid Luxford', '4 Gateway Place', '152-728-7316', 'eluxfordi@tiny.cc', '$2a$04$HSJyLkzvGZclPnd75UW9qOe.0BYOZ8KrHPeOm2zRcPStzQA3EeWGG');
INSERT INTO Customer (customer_id, name, address, phone, email, password_harsh) VALUES ('20', 'Ulick Prew', '94555 Doe Crossing Way', '797-239-0745', 'uprewj@disqus.com', '$2a$04$Z.1YnXqEtj5wcD351Tecjuttvhf3qLubpxSw5.lfzXe6o3h1FPtam');
INSERT INTO Customer (customer_id, name, address, phone, email, password_harsh) VALUES ('21', 'Tanhya McIlenna', '4 Sage Point', '290-193-0573', 'tmcilennak@360.cn', '$2a$04$Rg.tJv7veVPgJBP7Tu9ZhOuRYUYlfzaC7Jp1.BvXEeM35VFOKTEWS');
INSERT INTO Customer (customer_id, name, address, phone, email, password_harsh) VALUES ('22', 'Francoise Franzewitch', '5 Talisman Road', '246-270-5122', 'ffranzewitchl@ning.com', '$2a$04$uKpMmrzSdwDeZBSth2vZrO1qU8/866EHd6ba4chIUShNfxlSKFgCa');
INSERT INTO Customer (customer_id, name, address, phone, email, password_harsh) VALUES ('23', 'Kriste Burnard', '346 Evergreen Hill', '333-472-7007', 'kburnardm@cisco.com', '$2a$04$vQc4.gyC6prws9KsnuHcHeBWjwfo8/YxuezMDIR98R/kbFVblyVMG');
INSERT INTO Customer (customer_id, name, address, phone, email, password_harsh) VALUES ('24', 'Kaia Woodworth', '95960 Autumn Leaf Park', '802-755-6505', 'kwoodworthn@posterous.com', '$2a$04$OFtTlR8R8e8lkbsUBF7AFeehhb29esusE0/RYTya8H.5ebDQx.fkK');
INSERT INTO Customer (customer_id, name, address, phone, email, password_harsh) VALUES ('25', 'Sheffy Sollime', '65348 Crowley Place', '903-774-1679', 'ssollimeo@chronoengine.com', '$2a$04$6cZu6PF65nQg6dJhFRVtd.QenoWA7NQz5DIxZfomYm7PHSYEpjG6a');
INSERT INTO Customer (customer_id, name, address, phone, email, password_harsh) VALUES ('26', 'Lauree Turmel', '8303 Clyde Gallagher Junction', '738-897-1871', 'lturmelp@slate.com', '$2a$04$7fQr1O3yHRt2u72KVY1fCuBHmhAwt5cPbFX7Wi4CjcxWeiszK9Jiq');
INSERT INTO Customer (customer_id, name, address, phone, email, password_harsh) VALUES ('27', 'Magdalena Kall', '72590 Killdeer Alley', '488-618-0592', 'mkallq@nymag.com', '$2a$04$SWAI8U3lil2t5uq5LnlsQ.vTLt4HeJ1wG6W7g/FfuFa2JdbyjZ5Iy');
INSERT INTO Customer (customer_id, name, address, phone, email, password_harsh) VALUES ('28', 'Emlynne Tichelaar', '09178 Stoughton Pass', '438-217-0697', 'etichelaarr@newsvine.com', '$2a$04$sQ3dnmeDrn4DIqFwm0aWueSiYePcvGBUjUrBpLM0GI5vJryZdoAh6');
INSERT INTO Customer (customer_id, name, address, phone, email, password_harsh) VALUES ('29', 'Kimmie Ville', '0612 Bashford Point', '817-763-9138', 'kvilles@vkontakte.ru', '$2a$04$PL37tx4hp2Sxalx0hLKQre2Vn63qDxb5EdeHFlwGAodRgTq732IRi');
INSERT INTO Customer (customer_id, name, address, phone, email, password_harsh) VALUES ('30', 'Sherri Hastwall', '0 Raven Crossing', '995-143-5922', 'shastwallt@wp.com', '$2a$04$srMQeyjru3XDq5LsFu1YUOdATzUwRE4f6HCyNoEwyv2AbGIiws7xi');
INSERT INTO Customer (customer_id, name, address, phone, email, password_harsh) VALUES ('31', 'Stanley Ord', '710 Marquette Terrace', '478-603-4624', 'sordu@nbcnews.com', '$2a$04$6jnXR26I45XR8bhU2gWJGOdXlEc1S1QJU2rP.Vy61y.PvSkDkyKPu');
INSERT INTO Customer (customer_id, name, address, phone, email, password_harsh) VALUES ('32', 'Gustaf St Leger', '850 Lukken Center', '318-666-4846', 'gstv@1und1.de', '$2a$04$A105sV0uIlCTYW20ll/Hs.8ecJpQbC325W4st/7vjvhLHdPpVaEAK');
INSERT INTO Customer (customer_id, name, address, phone, email, password_harsh) VALUES ('33', 'Efren McGlashan', '1 Hintze Junction', '656-347-8992', 'emcglashanw@timesonline.co.uk', '$2a$04$BOVyRuJmjVK839MvoPzrneY9xIBgoLHg83EWESRaOujuaNpPFctX6');
INSERT INTO Customer (customer_id, name, address, phone, email, password_harsh) VALUES ('34', 'Ranice MacPike', '46 Farragut Park', '701-239-9628', 'rmacpikex@google.com', '$2a$04$Pj4KmBXn.ASgAlgKa1M47.yv6VHNjiGFMgNjk8a55aTIKFQgBvzgm');
INSERT INTO Customer (customer_id, name, address, phone, email, password_harsh) VALUES ('35', 'Erma Troup', '84442 Trailsway Parkway', '173-278-6669', 'etroupy@chicagotribune.com', '$2a$04$tKA.Xis2t/rEs5eOW8Cx4OJqA.GuCFfvikICq0hEqpuyVuhgM0C4m');
INSERT INTO Customer (customer_id, name, address, phone, email, password_harsh) VALUES ('36', 'Jacquelynn Olivari', '2 Oxford Lane', '477-685-1431', 'jolivariz@cnbc.com', '$2a$04$oIhvF6TorviM0wh.FWhTi.S/xo6ysLntieEPM1NjLT/EhtqldiuKC');
INSERT INTO Customer (customer_id, name, address, phone, email, password_harsh) VALUES ('37', 'Kennan Pridding', '484 Bultman Park', '982-865-8688', 'kpridding10@yale.edu', '$2a$04$WcHCx5Bov52Q4sbu6PtU3.GHhQEtcCDyinJ4y.ly7eFoJT5Hma5/a');
INSERT INTO Customer (customer_id, name, address, phone, email, password_harsh) VALUES ('38', 'Marty Cullen', '9632 Dennis Way', '662-321-5965', 'mcullen11@ibm.com', '$2a$04$6K4nkd4ytL4fX0nTSjbP2eBhIygNTqdjbuXVcz/5B2cX8g0aQDaW2');
INSERT INTO Customer (customer_id, name, address, phone, email, password_harsh) VALUES ('39', 'Conway Cuniam', '77 Merchant Court', '200-504-2096', 'ccuniam12@aol.com', '$2a$04$acSFvih7DpaArJyMP9af8uGdeUexVakfaXp1PX3F0Wr.a1ip.JU0u');
INSERT INTO Customer (customer_id, name, address, phone, email, password_harsh) VALUES ('40', 'Debbi Coopey', '5224 Meadow Ridge Drive', '692-549-6674', 'dcoopey13@ocn.ne.jp', '$2a$04$IP4P2rdf4ywQibBWx0e3OeO.o/JeT.VCFyJPGGEGwo6RfMKAZOgL.');
INSERT INTO Customer (customer_id, name, address, phone, email, password_harsh) VALUES ('41', 'Sadie Rudman', '4 Fieldstone Pass', '546-660-5424', 'srudman14@cmu.edu', '$2a$04$Dlzl9JR19cUJ5d5Lt/POAeyp3z0Dcu.iQVIbRD49pAiIaW5LEXwWi');
INSERT INTO Customer (customer_id, name, address, phone, email, password_harsh) VALUES ('42', 'Odell Gissop', '75595 Ilene Crossing', '344-868-3910', 'ogissop15@blogger.com', '$2a$04$pR0M4vYNNYJaCyBxWPVhb.E3E5zrxMFvgDA3HV1fqZz52imvFB75W');
INSERT INTO Customer (customer_id, name, address, phone, email, password_harsh) VALUES ('43', 'Adrianna Linn', '10 Melby Hill', '641-809-3338', 'alinn16@ameblo.jp', '$2a$04$1wbq90QHG.c.fFwnFH1yaO8dD0RvnlNa0btCNc5ooIjgXFrr9A4wC');
INSERT INTO Customer (customer_id, name, address, phone, email, password_harsh) VALUES ('44', 'Erika Viste', '8743 Old Gate Place', '975-395-8927', 'eviste17@drupal.org', '$2a$04$YY2qcjFDRKni5WA9aSJMfuuBKFacSs4gDqUs75nsPsFLfpdmEDvaW');
INSERT INTO Customer (customer_id, name, address, phone, email, password_harsh) VALUES ('45', 'Alexandros Reeders', '21657 Saint Paul Point', '785-859-0827', 'areeders18@1und1.de', '$2a$04$1sptHj1Hc7SAC6EhMOI/HutpuKzJ8zb5aG8hEw2jqDB1gEO6u2u7u');
INSERT INTO Customer (customer_id, name, address, phone, email, password_harsh) VALUES ('46', 'Erina Bierling', '538 Center Court', '972-879-3667', 'ebierling19@ebay.com', '$2a$04$EzJUx.3vAGdb5NmarCkSFe20vbiMCPJpii/c2fyWZvoFPWnWhC/yC');
INSERT INTO Customer (customer_id, name, address, phone, email, password_harsh) VALUES ('47', 'Lavinie Latus', '5 Ronald Regan Point', '504-692-5761', 'llatus1a@wufoo.com', '$2a$04$GyO7ud3YPQ25./v7L..gN.6irBZH.iPdx.04WSvrt1JGtQAuvrIVW');
INSERT INTO Customer (customer_id, name, address, phone, email, password_harsh) VALUES ('48', 'Teddy Vickress', '3001 Beilfuss Court', '324-631-1851', 'tvickress1b@cnn.com', '$2a$04$j4n.s6z4bZzWccwMZZfCkO8qKUNqpFJgsDZ5cUKEL/C./KB5QU77a');
INSERT INTO Customer (customer_id, name, address, phone, email, password_harsh) VALUES ('49', 'Kennedy Staten', '6174 Talisman Terrace', '464-600-9671', 'kstaten1c@gravatar.com', '$2a$04$1uUtB2TDygDA6DbXr3SWMuUxsQ8HgsRKze0MkBS6v5wG23hWFhtMS');
INSERT INTO Customer (customer_id, name, address, phone, email, password_harsh) VALUES ('50', 'Yevette Whitechurch', '43449 Autumn Leaf Hill', '765-595-7982', 'ywhitechurch1d@scribd.com', '$2a$04$tRSqFua.CPSAS9hzbaeJ2.V.fnblOOXrJ85n/UhXwYoCOXnlW./A.');
INSERT INTO Customer (customer_id, name, address, phone, email, password_harsh) VALUES ('51', 'Valeria Hotton', '1 Stone Corner Crossing', '357-703-1638', 'vhotton1e@usnews.com', '$2a$04$3bsRwc5/vtplDP/BButQ2OEszwSwJgZnpgNo0nTrNl40gnakQ7vBu');
INSERT INTO Customer (customer_id, name, address, phone, email, password_harsh) VALUES ('52', 'Maure Bruton', '1 Dixon Way', '122-958-2571', 'mbruton1f@ocn.ne.jp', '$2a$04$932d0I/M9OVALWp8ombYo.0vFxk9Z8SG731AuDvQ3coE4IOM8qpCS');
INSERT INTO Customer (customer_id, name, address, phone, email, password_harsh) VALUES ('53', 'Frederic Cato', '078 Rusk Crossing', '889-645-0952', 'fcato1g@accuweather.com', '$2a$04$O36/Fma9JcMMzIChEARdzuOK8bokawHX6scdTL2X1hXXjApXrXGRW');
INSERT INTO Customer (customer_id, name, address, phone, email, password_harsh) VALUES ('54', 'Griffin Rackstraw', '54035 Macpherson Plaza', '233-136-2605', 'grackstraw1h@youku.com', '$2a$04$agR3n97nUIMSNRUGPKfz5eEfhsShfilQsaMT867DogmsNnAmLc9mG');
INSERT INTO Customer (customer_id, name, address, phone, email, password_harsh) VALUES ('55', 'Tanney Heavy', '8 Mallory Terrace', '434-583-9686', 'theavy1i@sun.com', '$2a$04$JT4LsQ1RNRNVXlQ6hhe9cupfoNuCu2.oD923vDL4yUqV4nQzdhhwy');
INSERT INTO Customer (customer_id, name, address, phone, email, password_harsh) VALUES ('56', 'Artie Rodden', '55347 Cherokee Terrace', '768-496-6599', 'arodden1j@hao123.com', '$2a$04$7Gx8MneeZcZ0dWFA4V6dBeC2ljEWoWe67yxoltCiYKpO/fzD.K7le');
INSERT INTO Customer (customer_id, name, address, phone, email, password_harsh) VALUES ('57', 'Lothario Livoir', '94 Oneill Hill', '384-217-8214', 'llivoir1k@miibeian.gov.cn', '$2a$04$R5FbCitsIB1LhHflP8ABGO76SuxkmcLyKDsx1ALLcoHUolm2HKKQS');
INSERT INTO Customer (customer_id, name, address, phone, email, password_harsh) VALUES ('58', 'Igor Duffet', '7117 Orin Way', '317-808-1819', 'iduffet1l@dell.com', '$2a$04$gk8AV1YzB8iyylEgHAfK..IVqgIhMUcefWLxxbP.dn5uzEo60bzCS');
INSERT INTO Customer (customer_id, name, address, phone, email, password_harsh) VALUES ('59', 'Madelena Rowett', '799 Lyons Trail', '391-526-3042', 'mrowett1m@elegantthemes.com', '$2a$04$IC3ts/XYHLPeh9ryDX50buSfV0eY0ESqNtofOZdqvZ094UUxW150K');
INSERT INTO Customer (customer_id, name, address, phone, email, password_harsh) VALUES ('60', 'Juliet Musslewhite', '52 Northland Drive', '728-780-2251', 'jmusslewhite1n@reverbnation.com', '$2a$04$oa674P0yBHYX1AbWk9kIauY8zFLKuD.WWo.9xUt7uSNimVyr59Rb6');
INSERT INTO Customer (customer_id, name, address, phone, email, password_harsh) VALUES ('61', 'Whitman Postins', '3859 Mallory Way', '919-425-4595', 'wpostins1o@mail.ru', '$2a$04$Jn1pdQxM.Ny.9zFGcdUfDOrVSHDueMLR0W/i4f218QOtvwB7rek5O');
INSERT INTO Customer (customer_id, name, address, phone, email, password_harsh) VALUES ('62', 'Ninon Chadbourne', '48151 Harper Center', '163-265-9235', 'nchadbourne1p@ftc.gov', '$2a$04$bWqycYIZmd9n74EUyTiG8.4i3xBt0atJlBN07wi2n6yMj3xvojDiq');
INSERT INTO Customer (customer_id, name, address, phone, email, password_harsh) VALUES ('63', 'Francisca Bruyns', '420 International Lane', '877-996-7230', 'fbruyns1q@goo.gl', '$2a$04$rWGvto3Qvhx13gjyAsyKuuvfpDLC7.W1oBGWf5riyZVGN8jeg9sXi');
INSERT INTO Customer (customer_id, name, address, phone, email, password_harsh) VALUES ('64', 'Nealy Annandale', '25 Montana Plaza', '512-586-2754', 'nannandale1r@ucla.edu', '$2a$04$Wq8ERgVhPrWGsXL1Paj3ieZdznmLjCQRn0/22ACeOwY3eJWNtJ5F.');
INSERT INTO Customer (customer_id, name, address, phone, email, password_harsh) VALUES ('65', 'Anton Kearns', '15795 Loftsgordon Avenue', '116-136-0762', 'akearns1s@wunderground.com', '$2a$04$Rac9pYQz/dJ23nsAGLkgKuJ6cnnvROeYI6FwLFiniB8hXX7J/gQWG');
INSERT INTO Customer (customer_id, name, address, phone, email, password_harsh) VALUES ('66', 'Brennen McLleese', '44 Golden Leaf Street', '992-448-8391', 'bmclleese1t@forbes.com', '$2a$04$Bi1tOPloPzXBAZS6HChi/.dY0I3TUJdtdOjYV8ldxzPsfyNLpa1jK');
INSERT INTO Customer (customer_id, name, address, phone, email, password_harsh) VALUES ('67', 'Christan Surgener', '24859 Lien Parkway', '418-333-2045', 'csurgener1u@newsvine.com', '$2a$04$T5jLV.XMkZ1fjuWtdRTF/ehPXbu1rGTIZA6lAhh/tfh1U/lzFSieW');
INSERT INTO Customer (customer_id, name, address, phone, email, password_harsh) VALUES ('68', 'Gamaliel Eadmeads', '737 8th Circle', '679-446-8903', 'geadmeads1v@csmonitor.com', '$2a$04$9NvOhcbnYh0QK4z.v.occO0NtNNlH6nYXkg4m6T1eyaw.IqcbyIgm');
INSERT INTO Customer (customer_id, name, address, phone, email, password_harsh) VALUES ('69', 'Xylina Clemensen', '2 Knutson Avenue', '882-656-7145', 'xclemensen1w@wiley.com', '$2a$04$lhj310VZFnz/Lc39uqzbiefJA6r3U2/lf1eYNuIoPdj8jtYF3h59C');
INSERT INTO Customer (customer_id, name, address, phone, email, password_harsh) VALUES ('70', 'Renard Eborn', '8 Monterey Pass', '856-542-9388', 'reborn1x@illinois.edu', '$2a$04$NxX0AIcGAHKHaxkzFfnuoOwsvMAOvC.EhmJAK0xTGB4rfduqU6BY.');
INSERT INTO Customer (customer_id, name, address, phone, email, password_harsh) VALUES ('71', 'Anton Coniff', '847 Briar Crest Junction', '680-812-4903', 'aconiff1y@dropbox.com', '$2a$04$WNn0Hz6enuZbg.DtJ8eB6.HPFlvP1xltEraZpIBz4IKtI7GfL7jiq');
INSERT INTO Customer (customer_id, name, address, phone, email, password_harsh) VALUES ('72', 'Ewen Jerche', '0914 Maywood Street', '187-914-8392', 'ejerche1z@bing.com', '$2a$04$zcRGDhONPMctSY1sIOr1VetQqEyV/1fDkV/vMQbnYq.qSSQfKZceq');
INSERT INTO Customer (customer_id, name, address, phone, email, password_harsh) VALUES ('73', 'Norean MacNelly', '47 Jenifer Street', '339-905-6113', 'nmacnelly20@kickstarter.com', '$2a$04$XyVR4dWrmWef7ApzGfDdtuGFmE8eI/xYg/Ut8gHRbGewa6Wl/BAKS');
INSERT INTO Customer (customer_id, name, address, phone, email, password_harsh) VALUES ('74', 'Emera Pounder', '8 Hollow Ridge Street', '394-312-8968', 'epounder21@mashable.com', '$2a$04$04yKF1B/wfOqMbH64gJOceUl5cPl/ffPAcwoT7GoRuCjpxmMhZXr6');
INSERT INTO Customer (customer_id, name, address, phone, email, password_harsh) VALUES ('75', 'Norrie Seedull', '55928 Randy Point', '569-396-8645', 'nseedull22@ebay.co.uk', '$2a$04$BSfYi8XV5fI5ZHs7VjttaO4SvHwzK8PtPNtBdwqbNxst3h6WRAqha');
INSERT INTO Customer (customer_id, name, address, phone, email, password_harsh) VALUES ('76', 'Kasey Lieber', '3031 Hazelcrest Trail', '362-855-2275', 'klieber23@csmonitor.com', '$2a$04$uoRbImAd3BLer2mepCyq0.cO/5z1QVz2WwSSHFanmUlGA75HBPTPi');
INSERT INTO Customer (customer_id, name, address, phone, email, password_harsh) VALUES ('77', 'Archaimbaud Plinck', '08 Kennedy Way', '405-863-4210', 'aplinck24@twitter.com', '$2a$04$AfiMMer0EReLy8FEm3Ncwu5yoCk9oWWdfDsHH7NLjgT22YFv4aVai');
INSERT INTO Customer (customer_id, name, address, phone, email, password_harsh) VALUES ('78', 'Sella Fosken', '2889 Farwell Lane', '916-569-4686', 'sfosken25@uiuc.edu', '$2a$04$P9eWpUNO1.54DXxqoM2QvOmvl7QbxpaH20AjJ7G8ynXH8SRB7o.B.');
INSERT INTO Customer (customer_id, name, address, phone, email, password_harsh) VALUES ('79', 'Marcela Iwanowicz', '45673 Fairfield Drive', '223-527-7738', 'miwanowicz26@barnesandnoble.com', '$2a$04$ixWdF2tZxUYLtxsfVXBsueW74YEk.GHgaPGUM0j7coE/eTuQ2znru');
INSERT INTO Customer (customer_id, name, address, phone, email, password_harsh) VALUES ('80', 'Deanne Fayter', '6 Pawling Park', '457-997-1034', 'dfayter27@imageshack.us', '$2a$04$LQo0Ru5GgB5tAyD5n6RQZOgbiNmlX2po1tx7Cee1q18qgR5u4UT.i');
INSERT INTO Customer (customer_id, name, address, phone, email, password_harsh) VALUES ('81', 'Blair Crommett', '5 Saint Paul Way', '177-171-1107', 'bcrommett28@dagondesign.com', '$2a$04$AJLcb.EOWkYrDQ2dPKG3ieqAi/zvGcu33Sj60DY6viJ.Ib7t1ewYm');
INSERT INTO Customer (customer_id, name, address, phone, email, password_harsh) VALUES ('82', 'Papagena Prestige', '33 Center Road', '153-990-1885', 'pprestige29@scientificamerican.com', '$2a$04$Gf.Avw6UrQ8zx.PhtoRa7uSanEaM1sytH90WM1UQ8QE9cIV93rtqS');
INSERT INTO Customer (customer_id, name, address, phone, email, password_harsh) VALUES ('83', 'Aldwin Drees', '96636 Oneill Hill', '809-938-7784', 'adrees2a@gnu.org', '$2a$04$rt0WcQf8OzbLG8orTuR/8.15U80AeedrZEAssYW3ztH6hSrkbDNfi');
INSERT INTO Customer (customer_id, name, address, phone, email, password_harsh) VALUES ('84', 'Gail Bedminster', '0 Nova Street', '882-185-3773', 'gbedminster2b@de.vu', '$2a$04$/WMzB.YnORShqnupAQHuOOiLzXLK.vJtkH10.XrKeSgmYNi87kYHy');
INSERT INTO Customer (customer_id, name, address, phone, email, password_harsh) VALUES ('85', 'Kristy Jumont', '0 Spaight Plaza', '160-109-3403', 'kjumont2c@smugmug.com', '$2a$04$jNsGrzPqjDzeqvwtJkRpu.XntFhkiOqDgM/PrHmEp5evD3WN3zzZW');
INSERT INTO Customer (customer_id, name, address, phone, email, password_harsh) VALUES ('86', 'Abe Lengthorn', '91094 Susan Center', '201-234-3320', 'alengthorn2d@dailymail.co.uk', '$2a$04$B.FxTiTNvSVtFHFW6/VMKOp8nvgGWUwt6xtyq6wnXWprB2Hj94gT.');
INSERT INTO Customer (customer_id, name, address, phone, email, password_harsh) VALUES ('87', 'Brit Blowes', '9 Hovde Trail', '629-358-6962', 'bblowes2e@microsoft.com', '$2a$04$2PU7YNowyqwNHCOZN2uVeO1cmxKQtdOWxdQ3pQW4OxBomKQx83SQy');
INSERT INTO Customer (customer_id, name, address, phone, email, password_harsh) VALUES ('88', 'Buiron Stedson', '259 Dayton Place', '527-993-2379', 'bstedson2f@rediff.com', '$2a$04$OWpdn0iMEXb9RJD3flzsCupwb8S1lK7Vob.oDVmZ11mfsmAz9B7W6');
INSERT INTO Customer (customer_id, name, address, phone, email, password_harsh) VALUES ('89', 'Cookie Smithen', '7906 Lighthouse Bay Trail', '817-503-0843', 'csmithen2g@telegraph.co.uk', '$2a$04$Nd6RztxBBvizXGfud.lrCuREamKFSsKRQKf32hKdWWKg7FfF5pFqK');
INSERT INTO Customer (customer_id, name, address, phone, email, password_harsh) VALUES ('90', 'Garfield Presser', '513 Oxford Drive', '180-715-8503', 'gpresser2h@miitbeian.gov.cn', '$2a$04$D1StsNSG7yhIZoHcYaUp2O/sQ23nbuBoihdG0nTm0IAvQ4ZFKXvZ2');
INSERT INTO Customer (customer_id, name, address, phone, email, password_harsh) VALUES ('91', 'Loreen Norree', '91 Victoria Lane', '995-820-0973', 'lnorree2i@w3.org', '$2a$04$E8ciElvhjr29o9EipY/JV.tCclOQap6PYyNblvGqMLpHQ2yO8oRrW');
INSERT INTO Customer (customer_id, name, address, phone, email, password_harsh) VALUES ('92', 'Wandis Maffezzoli', '1 Cody Plaza', '656-668-9204', 'wmaffezzoli2j@google.co.uk', '$2a$04$/DKmSvyACbyTQ1sJLvdAwuLjhP/Q.WWAok013ac4RoFlzOsyMU7cW');
INSERT INTO Customer (customer_id, name, address, phone, email, password_harsh) VALUES ('93', 'Norton Bolitho', '67 Lien Avenue', '855-956-3768', 'nbolitho2k@geocities.com', '$2a$04$AUy22oe3zokd/g5xW27ROugBk.Um0EeYECnjM0GmlqLoMBqAlQCAa');
INSERT INTO Customer (customer_id, name, address, phone, email, password_harsh) VALUES ('94', 'Demetra Rodgier', '88 Fordem Circle', '747-285-2682', 'drodgier2l@vinaora.com', '$2a$04$7QxH9QK3rw3hEp2HoF/oderCLmD.dtk8.MbqQgxn/uRF9ZbWCVPF2');
INSERT INTO Customer (customer_id, name, address, phone, email, password_harsh) VALUES ('95', 'Dallis Edelman', '15865 Westport Hill', '545-868-1944', 'dedelman2m@purevolume.com', '$2a$04$JQ8I8SRB24NzJlUiUDXeuOUlfI/7GZ1Vv/hWO3.fXEBFPBJI/Yo4e');
INSERT INTO Customer (customer_id, name, address, phone, email, password_harsh) VALUES ('96', 'Lancelot Strooband', '15 Sunbrook Alley', '687-698-2825', 'lstrooband2n@istockphoto.com', '$2a$04$yxu2XayOA3fbw3ncE/BZ4ew4bq5ni.F5AAvJtkyGiXrp9aijKq6Ye');
INSERT INTO Customer (customer_id, name, address, phone, email, password_harsh) VALUES ('97', 'Shayne Krzysztofiak', '59 Maryland Way', '402-664-7725', 'skrzysztofiak2o@harvard.edu', '$2a$04$4/kcTlCHbbDPCuekRWkjXOk4pLW4EQ45XGMGRbWzLcY/TGDXbJD5.');
INSERT INTO Customer (customer_id, name, address, phone, email, password_harsh) VALUES ('98', 'Dana Collington', '70 Arizona Road', '479-263-2016', 'dcollington2p@flavors.me', '$2a$04$LvXy.pYQJYB8kjhe3PwhouPJqk.en9XvOUsCQFPRat3n8S9fI7bAK');
INSERT INTO Customer (customer_id, name, address, phone, email, password_harsh) VALUES ('99', 'Lorne Hartegan', '29 Anderson Junction', '429-785-9323', 'lhartegan2q@apple.com', '$2a$04$GIt/ITPnUdrDfmgNEm4z5Obwl/UyPZ0082xF0LnMRNR97.Ay864f2');
INSERT INTO Customer (customer_id, name, address, phone, email, password_harsh) VALUES ('100', 'Fidel Beswell', '01 Judy Hill', '557-862-6385', 'fbeswell2r@gizmodo.com', '$2a$04$nE.qtpXxXxl0UyyQNBQ.L.4ybEaahjwPfMZ6DKnw5gPxw6TdX0ZjG');
INSERT INTO Customer (customer_id, name, address, phone, email, password_harsh) VALUES ('101', 'Annabella Astie', '4468 Vermont Trail', '120-507-0821', 'aastie2s@qq.com', '$2a$04$ywmXvwiDjny5bmh3bZFpxuOD.3BBXSpoyUpTtlhYh5njT8C8W0sAO');
INSERT INTO Customer (customer_id, name, address, phone, email, password_harsh) VALUES ('102', 'Caril Pentecost', '02026 Redwing Circle', '217-472-6229', 'cpentecost2t@gmpg.org', '$2a$04$9eo8XDbeBJ6o6aTpOoCaLe5.oXbh.UsXJoSl7qWTz25raVr4T3fDm');
INSERT INTO Customer (customer_id, name, address, phone, email, password_harsh) VALUES ('103', 'Ranna Chittey', '9996 Fuller Road', '466-756-0179', 'rchittey2u@symantec.com', '$2a$04$93eFVwwrsSei9ZFKxbpfWuoSQJcj5XqgYYQUVESivMBqT3.oxVq6i');
INSERT INTO Customer (customer_id, name, address, phone, email, password_harsh) VALUES ('104', 'Glenine Lintill', '5 Golden Leaf Junction', '575-645-9243', 'glintill2v@ovh.net', '$2a$04$2OcVz3c1k.mzIng3XtuMq.It1hTsUyTMjHCsUYVhVjbMQXoKCy2KO');
INSERT INTO Customer (customer_id, name, address, phone, email, password_harsh) VALUES ('105', 'Catrina Willman', '053 Mosinee Pass', '104-606-3937', 'cwillman2w@4shared.com', '$2a$04$pjnwIOoUcnOXAl.evgIakez.IWjPzjTarpLogAlQncc8grVIgvcZC');
INSERT INTO Customer (customer_id, name, address, phone, email, password_harsh) VALUES ('106', 'Alanson De Hooge', '418 Mayfield Place', '490-204-2848', 'ade2x@nbcnews.com', '$2a$04$6VmvASORDvGcYF95qaEgG.HYfMaG6vGcAaurlHN66wm7.WibTqK.a');
INSERT INTO Customer (customer_id, name, address, phone, email, password_harsh) VALUES ('107', 'Saxon Coughlan', '4 Union Trail', '320-962-8071', 'scoughlan2y@sogou.com', '$2a$04$xU0a0m.BKdgAQxv0kEyln.187V0./qAChpjvte1ucE08A5evYVUOK');
INSERT INTO Customer (customer_id, name, address, phone, email, password_harsh) VALUES ('108', 'Aeriela Gyer', '2 David Parkway', '109-245-3150', 'agyer2z@nih.gov', '$2a$04$DxzoXl7wSyjveFoN0kjg6eBWdt1c2yxOsuhGqB5drSvO/Q8afUdym');
INSERT INTO Customer (customer_id, name, address, phone, email, password_harsh) VALUES ('109', 'Olly Boteman', '93 Bultman Trail', '371-918-8587', 'oboteman30@fotki.com', '$2a$04$NuR/Bcq5t9CCXuLNGLrnaO/4QzVggsJIT9CMmAJ.7pCyHtIaw8rAC');
INSERT INTO Customer (customer_id, name, address, phone, email, password_harsh) VALUES ('110', 'Bella Thorrington', '346 Artisan Street', '554-153-6136', 'bthorrington31@ycombinator.com', '$2a$04$QH4LgdIDB79GCCDkUATOHOvJL8vFID.lYTc/pUWkRQgMEPNhkJ/X6');
INSERT INTO Customer (customer_id, name, address, phone, email, password_harsh) VALUES ('111', 'Cesaro Meffan', '10869 Gulseth Parkway', '123-181-4432', 'cmeffan32@senate.gov', '$2a$04$oAZM/8W1z82lJ4XEFm2GLesT6IT7IrvNC0jQX4aFHyw0XnBaXLlda');
INSERT INTO Customer (customer_id, name, address, phone, email, password_harsh) VALUES ('112', 'Dannie Paish', '877 Riverside Circle', '884-317-2854', 'dpaish33@reuters.com', '$2a$04$2t2SnXDGWV1l6.BJcIBKnuzz0WLsE67Oc2Ka07iJcJJduZffe1Gcm');
INSERT INTO Customer (customer_id, name, address, phone, email, password_harsh) VALUES ('113', 'Teddie Simner', '98679 Nova Place', '929-604-7347', 'tsimner34@acquirethisname.com', '$2a$04$wPz1EORSQixT1RSsckDWt.j0b.ICirSfQIFx8v0ACqGYOAQ0XcZJu');
INSERT INTO Customer (customer_id, name, address, phone, email, password_harsh) VALUES ('114', 'Janek Lamswood', '046 Carioca Street', '662-163-9290', 'jlamswood35@flavors.me', '$2a$04$ZuWwy78Mn/262MTPO.qsA.XFLu.MyTGpFtp9zJ9omXR9hH7iGXfzm');
INSERT INTO Customer (customer_id, name, address, phone, email, password_harsh) VALUES ('115', 'Sandy Diprose', '572 Surrey Way', '935-789-4617', 'sdiprose36@fc2.com', '$2a$04$3/j6AJbHUtQBW.c8JLSXFuEmHeLB6T5I1sYRZwFCDFwgF9uFXi1.2');
INSERT INTO Customer (customer_id, name, address, phone, email, password_harsh) VALUES ('116', 'Rik Ditchfield', '831 Vermont Way', '145-267-2730', 'rditchfield37@unc.edu', '$2a$04$x7Kmhdv0EeaRvBabzySJ6.QOuStVy6/hvSmLlo6TfDo25fLcYzVu2');
INSERT INTO Customer (customer_id, name, address, phone, email, password_harsh) VALUES ('117', 'Ethel Clevely', '2 Erie Place', '510-391-8519', 'eclevely38@vistaprint.com', '$2a$04$jVf42EGLGVFw6Nsu6d7/feUhZsjwE1921k/Veeud4vfL7K1nfE7iS');
INSERT INTO Customer (customer_id, name, address, phone, email, password_harsh) VALUES ('118', 'Cullin Cushe', '04698 Westridge Center', '453-981-5624', 'ccushe39@prnewswire.com', '$2a$04$33tkNEe6YdNHbVIm905Hp.wWGl5Vn0vu1nPZDg0sEt1Bln82IGf7i');
INSERT INTO Customer (customer_id, name, address, phone, email, password_harsh) VALUES ('119', 'Hi Pawlaczyk', '401 Artisan Terrace', '574-243-8403', 'hpawlaczyk3a@illinois.edu', '$2a$04$NsMAeTbEgM6C4jZwx4jL1O6kM0nLsAwAEXeGrr/GB3QjTsQevoAoi');
INSERT INTO Customer (customer_id, name, address, phone, email, password_harsh) VALUES ('120', 'Fairlie Pullman', '5 Schurz Crossing', '260-352-4941', 'fpullman3b@edublogs.org', '$2a$04$0Rmmpz9rixC6FHoYe./bnOnqkKkWdJXFLB/fr9eviHNdggHmjMpOO');
INSERT INTO Customer (customer_id, name, address, phone, email, password_harsh) VALUES ('121', 'Evangeline Waadenburg', '29 Ohio Alley', '586-252-1798', 'ewaadenburg3c@techcrunch.com', '$2a$04$YXLFN/ZOgeKObdz.tqDLj.bbKk97UvyFe/29ND/IcupwrpRNNkySu');
INSERT INTO Customer (customer_id, name, address, phone, email, password_harsh) VALUES ('122', 'Gideon Lorraine', '08269 Oxford Way', '847-194-6329', 'glorraine3d@ucla.edu', '$2a$04$V1JkC.gYZDpFR1boBDrBTefI5QAYg52jKBYq3DrFPWzcV4HiADmXm');
INSERT INTO Customer (customer_id, name, address, phone, email, password_harsh) VALUES ('123', 'Grace Rosenbaum', '8697 Springview Parkway', '834-905-9870', 'grosenbaum3e@miibeian.gov.cn', '$2a$04$mauMPmF8XJZbQidGeD7uIeIpM9X0rJi0zMXTJ4az0OnAGlMZUGP9S');
INSERT INTO Customer (customer_id, name, address, phone, email, password_harsh) VALUES ('124', 'Codie Huyge', '9 Heffernan Road', '269-564-2403', 'chuyge3f@sbwire.com', '$2a$04$G336/qN3A8QOU82Kyh7w0emkRjnPTcvH8RfCl6L54U.5j7QyHcSIm');
INSERT INTO Customer (customer_id, name, address, phone, email, password_harsh) VALUES ('125', 'Amalie Gilliver', '3 Carpenter Pass', '886-798-1726', 'agilliver3g@cnet.com', '$2a$04$DIDOPCGqpRyMpEaULS0/keFVQkrjXlxkh8u6X0lUo9yPtjejHEDOO');
INSERT INTO Customer (customer_id, name, address, phone, email, password_harsh) VALUES ('126', 'Cesaro Smeed', '50 Dovetail Trail', '217-862-1142', 'csmeed3h@google.it', '$2a$04$3vkiJf0/aelpNfkwxihWEepTscBOASp5h3JNSgfsKDNxQHFUDnPJK');
INSERT INTO Customer (customer_id, name, address, phone, email, password_harsh) VALUES ('127', 'Kary Tanfield', '93 Summit Circle', '316-186-5298', 'ktanfield3i@devhub.com', '$2a$04$Mz0FGqBsxmJ08PNHnokfsOC3iXaOnVrcNU4/jjHD5oNtw32vltjGO');
INSERT INTO Customer (customer_id, name, address, phone, email, password_harsh) VALUES ('128', 'Marianne Bowden', '77 Ilene Parkway', '202-308-6023', 'mbowden3j@fastcompany.com', '$2a$04$.GNK2uQBkzrmuk/9Jynid.cRkarSLvTxtKUlzX4nG1kP4G6pWSjYq');
INSERT INTO Customer (customer_id, name, address, phone, email, password_harsh) VALUES ('129', 'Sidonia Puvia', '3 Drewry Parkway', '821-555-0847', 'spuvia3k@live.com', '$2a$04$7GvKNqlwmmKxudejQnORP.c8OH14jhkW9443ozscVeclkfWGFoOUO');
INSERT INTO Customer (customer_id, name, address, phone, email, password_harsh) VALUES ('130', 'Courtenay Innman', '53901 Corben Terrace', '466-784-3207', 'cinnman3l@soup.io', '$2a$04$TV5SzLXSB.7yeLyOm4YxROm6nFWJdiaDWomdSIVC6aTFJrazCNjAe');
INSERT INTO Customer (customer_id, name, address, phone, email, password_harsh) VALUES ('131', 'Herve Shawel', '86 Mandrake Junction', '937-606-2956', 'hshawel3m@webs.com', '$2a$04$Uwx.mIcdHanf7VLJL8Bo2uJPkGcOmeNFOHkp8p9GSKcactekfyGem');
INSERT INTO Customer (customer_id, name, address, phone, email, password_harsh) VALUES ('132', 'Judie Rosten', '4098 Darwin Street', '541-385-1729', 'jrosten3n@ehow.com', '$2a$04$gxRRr5iR9ApGbPVZMEXTGOKH6j3W6j3zbbKWeMjr5miqN3iAmQwnq');
INSERT INTO Customer (customer_id, name, address, phone, email, password_harsh) VALUES ('133', 'Jermaine Ailmer', '4 Manley Hill', '822-485-4931', 'jailmer3o@blog.com', '$2a$04$WnoBX1atHKOOEApmgOKND.u6VTCcO/wMvF88UgtLYA2Ht1lBgrWVi');
INSERT INTO Customer (customer_id, name, address, phone, email, password_harsh) VALUES ('134', 'Karla Cannings', '12320 Spaight Point', '502-662-9649', 'kcannings3p@nasa.gov', '$2a$04$oTLAOzf9Ry1/0z8n5KP78.Z83hWc2uy7OpuNvyfinKlEIVgzWMbGy');
INSERT INTO Customer (customer_id, name, address, phone, email, password_harsh) VALUES ('135', 'Othilia Reichhardt', '1478 Knutson Court', '479-192-4196', 'oreichhardt3q@t.co', '$2a$04$YLqhioX1wC80y2yeGmc1FuXWqq73/pr0xtP9T2fT8x7z3QcgZLH/K');
INSERT INTO Customer (customer_id, name, address, phone, email, password_harsh) VALUES ('136', 'Heall Lindenbluth', '7 Twin Pines Hill', '467-348-2816', 'hlindenbluth3r@360.cn', '$2a$04$/T7YU/I9kTUDHFo/DtpQMOVehBF99x5jJ5RrKDFQT1REo1qtQv2TW');
INSERT INTO Customer (customer_id, name, address, phone, email, password_harsh) VALUES ('137', 'Frank Pretsel', '83528 Columbus Hill', '678-169-6339', 'fpretsel3s@shareasale.com', '$2a$04$BWCd9xDq4pRa.1461Jxg2.Ya1o861FB6mOV/blmBn83PGf8OFZpSm');
INSERT INTO Customer (customer_id, name, address, phone, email, password_harsh) VALUES ('138', 'Hoyt Nend', '278 Pawling Court', '855-579-2922', 'hnend3t@meetup.com', '$2a$04$AFGlM8QmFi.IavJixF70FeLPu22jhkMRxJ1AHr/T7VEkgp59nWqWu');
INSERT INTO Customer (customer_id, name, address, phone, email, password_harsh) VALUES ('139', 'Catlee Britnell', '299 Mcguire Trail', '653-851-8529', 'cbritnell3u@ted.com', '$2a$04$cQ6tETNgHMuQidGVs4gVSeeIl9U6uWrRkaDdR4KknElimVxKrnp9u');
INSERT INTO Customer (customer_id, name, address, phone, email, password_harsh) VALUES ('140', 'Reinhard Leggate', '02712 Bonner Court', '812-864-7032', 'rleggate3v@technorati.com', '$2a$04$jGT0rTSDHgWbxFU2k7OwrOV3b9tAWxk9e3rl7gOSJ41mmJA8oTFNK');
INSERT INTO Customer (customer_id, name, address, phone, email, password_harsh) VALUES ('141', 'Virgina William', '5 Oxford Trail', '830-474-7154', 'vwilliam3w@live.com', '$2a$04$S2OaPQCBfgickYJwE2GzxO3oFc/rnDrSPo2tb47uniN/VCIfxRvYW');
INSERT INTO Customer (customer_id, name, address, phone, email, password_harsh) VALUES ('142', 'Pietra Boice', '3854 Namekagon Lane', '456-742-3523', 'pboice3x@gov.uk', '$2a$04$4vQuQowcjFOmOYpyVVJn0O7.W7McChPtgm8EMWF4b2ECdVTTYQJkq');
INSERT INTO Customer (customer_id, name, address, phone, email, password_harsh) VALUES ('143', 'Adrien Cuningham', '1 Talmadge Road', '778-231-6078', 'acuningham3y@indiegogo.com', '$2a$04$quOvKnefgm2g5TQNUGxvCe8hksqsM1X1A.i6oBHvMKJ78cBvWM7hG');
INSERT INTO Customer (customer_id, name, address, phone, email, password_harsh) VALUES ('144', 'Kristofor Morgen', '16 Bowman Park', '427-443-6743', 'kmorgen3z@upenn.edu', '$2a$04$lnmiFLY0LqECOqyneidA6.ktrXaiRZDhXsGIrI/F477UUp5Danfi.');
INSERT INTO Customer (customer_id, name, address, phone, email, password_harsh) VALUES ('145', 'Kattie Dike', '53260 Blue Bill Park Circle', '419-729-0321', 'kdike40@businesswire.com', '$2a$04$RUmXl2W7AIDu9kj3bBhYWus8TMV1yrwFg9Ty5YQVdGScMEBNJuqAe');
INSERT INTO Customer (customer_id, name, address, phone, email, password_harsh) VALUES ('146', 'Avivah Wong', '26845 Monica Road', '558-246-5272', 'awong41@google.ca', '$2a$04$X85Lwb4GSpfm4YJuht6G2OCMlAAsJm86u9uD064X2d9IsrxupbGsO');
INSERT INTO Customer (customer_id, name, address, phone, email, password_harsh) VALUES ('147', 'Arielle Gildersleaves', '8160 Katie Avenue', '341-868-6547', 'agildersleaves42@walmart.com', '$2a$04$nUTibJqQcbMW2VL3KA5bfOEvkkAwLOczzEM0kI7MX8Z..YmIAabam');
INSERT INTO Customer (customer_id, name, address, phone, email, password_harsh) VALUES ('148', 'Tito Woltman', '28893 8th Plaza', '875-467-6747', 'twoltman43@princeton.edu', '$2a$04$eVuJTWQrgFZiEtrbrkvzeuggfWrVpUztTncT1EcpeVUWp7aCdAx3G');
INSERT INTO Customer (customer_id, name, address, phone, email, password_harsh) VALUES ('149', 'Ursulina Dubois', '82 Burrows Drive', '133-517-9779', 'udubois44@behance.net', '$2a$04$aYs/fg6oDqF25SO1NJ8Bk.ERrrHOg2UOKNPlJ4uQmqxtEcSJdQQXi');
INSERT INTO Customer (customer_id, name, address, phone, email, password_harsh) VALUES ('150', 'Darin Karlsen', '469 Farwell Way', '167-259-7916', 'dkarlsen45@go.com', '$2a$04$KSV6P4lwUkFxnNqcKVNxSuFWW9FXlBiU08rvGpeHFmrpV5QxWqtpK');
INSERT INTO Customer (customer_id, name, address, phone, email, password_harsh) VALUES ('151', 'Rikki Reddecliffe', '8 Little Fleur Hill', '780-126-8896', 'rreddecliffe46@xing.com', '$2a$04$H4LAwFGuFbQnWEeLFh.Fme1iiGRdqXqwF9RZOD392Y8P1.4gokU3O');
INSERT INTO Customer (customer_id, name, address, phone, email, password_harsh) VALUES ('152', 'Rubina Krugmann', '30 Ruskin Place', '662-578-8818', 'rkrugmann47@biglobe.ne.jp', '$2a$04$eDqPuJq41TaQroFNgVrXlutr6gti7slvE3BqAyzVqixyYjGeSwwnm');
INSERT INTO Customer (customer_id, name, address, phone, email, password_harsh) VALUES ('153', 'Jordanna Reyne', '99334 Hanover Plaza', '737-605-6205', 'jreyne48@etsy.com', '$2a$04$k11nn/ksvZihy8Yg5TFs1u5Z9XS3rtL./UNrx1r4MMZenSZQJnnN6');
INSERT INTO Customer (customer_id, name, address, phone, email, password_harsh) VALUES ('154', 'Madelene Ashton', '10 Waxwing Park', '787-986-8378', 'mashton49@sfgate.com', '$2a$04$y1q1oRI3cyg10pNni02oouaCdZBAomgnsn4z.cWTzPrU/NsUNlxli');
INSERT INTO Customer (customer_id, name, address, phone, email, password_harsh) VALUES ('155', 'Killy Wimbush', '0031 Southridge Crossing', '312-462-8593', 'kwimbush4a@hc360.com', '$2a$04$dkn.EcGRNyuq/JP5gO43fuzhnZrzTBmaRz7UcID6IMvj7g01GVvN2');
INSERT INTO Customer (customer_id, name, address, phone, email, password_harsh) VALUES ('156', 'Myrta Overal', '5528 Amoth Pass', '760-222-7658', 'moveral4b@ebay.co.uk', '$2a$04$/f14P136P8bp/q8mHNwUGeqdwM2dYOZtddMNFfKqjvmedeX6FEYfG');
INSERT INTO Customer (customer_id, name, address, phone, email, password_harsh) VALUES ('157', 'Thorn Pietrzyk', '49049 Maple Drive', '608-580-4126', 'tpietrzyk4c@newyorker.com', '$2a$04$3.q7fyUchsSoNMkPi1iequaJDxA80iaF1ggw2Z6v513wjU6CK.Etu');
INSERT INTO Customer (customer_id, name, address, phone, email, password_harsh) VALUES ('158', 'Dinnie Lamy', '2436 East Street', '526-760-3568', 'dlamy4d@zimbio.com', '$2a$04$/4uH2ufRxf80aMB9SiD7guTI5OunaFjZRv7fUM3R4dSL4QE0fYxki');
INSERT INTO Customer (customer_id, name, address, phone, email, password_harsh) VALUES ('159', 'Clotilda Abdee', '6097 Moulton Way', '340-656-3901', 'cabdee4e@mysql.com', '$2a$04$NPSO9.8oRx2zfiJ74IC2NOdcItrEHbz0vxCJqr/XmwOfoM5ctjwuy');
INSERT INTO Customer (customer_id, name, address, phone, email, password_harsh) VALUES ('160', 'Dmitri Burnsell', '145 Pearson Lane', '755-435-6749', 'dburnsell4f@alexa.com', '$2a$04$9NSSDoTwn/7ZTeSqA.T1QOMozkIb9oIm7/hwOZ.9.vnE.bpqKkGEC');
INSERT INTO Customer (customer_id, name, address, phone, email, password_harsh) VALUES ('161', 'Aigneis Vasishchev', '2 Fuller Street', '323-850-5239', 'avasishchev4g@indiatimes.com', '$2a$04$USMHmJ5O1gpXcckIOpq.cudSZapGzZgESSRcXHczG2rIpG3isY13a');
INSERT INTO Customer (customer_id, name, address, phone, email, password_harsh) VALUES ('162', 'Berry Goose', '7752 Huxley Point', '263-974-2571', 'bgoose4h@unc.edu', '$2a$04$4zPOnXWwtik0F6xaqPCpL.zP9jvt21ibxU6vX5eyT8OWOBLoz.sTa');
INSERT INTO Customer (customer_id, name, address, phone, email, password_harsh) VALUES ('163', 'Blane Gumary', '9 Farwell Road', '480-637-1271', 'bgumary4i@soundcloud.com', '$2a$04$H1Dxw/8Afa9T35z4VKGWIuuTBEBQFz6SFhpFOlINY1alGQRvivlYW');
INSERT INTO Customer (customer_id, name, address, phone, email, password_harsh) VALUES ('164', 'Dexter Diego', '1 Badeau Park', '819-997-2102', 'ddiego4j@cargocollective.com', '$2a$04$c8E9KGlApDPacTeGVA9uqeCW2NhTAcdg3sObmGoZqrxJxVRrZXIUy');
INSERT INTO Customer (customer_id, name, address, phone, email, password_harsh) VALUES ('165', 'Ilse Chaffer', '1211 Loftsgordon Alley', '964-751-4815', 'ichaffer4k@macromedia.com', '$2a$04$qat1WgWqfocSkf.1p2javOPWw2LosktSiqtpNVY52lapZmHcUNSGy');
INSERT INTO Customer (customer_id, name, address, phone, email, password_harsh) VALUES ('166', 'Magdalen Yurinov', '81 Vernon Trail', '714-886-0272', 'myurinov4l@tiny.cc', '$2a$04$FxNreJ8XZqgOer/3bjYeb.BKXUVLbCW8ZP6LhE13tBc0vK1EzUwkq');
INSERT INTO Customer (customer_id, name, address, phone, email, password_harsh) VALUES ('167', 'Moritz Cansdill', '18976 Birchwood Plaza', '717-889-5956', 'mcansdill4m@oaic.gov.au', '$2a$04$rK8XAY4Wl9KunZie5YTKMeRQsb4nfPg3Xd2JYf6ZRuLzidOWyFdIu');
INSERT INTO Customer (customer_id, name, address, phone, email, password_harsh) VALUES ('168', 'Shauna Croizier', '3 Hoepker Parkway', '649-751-1792', 'scroizier4n@ehow.com', '$2a$04$1PWhDtoXvsvBR/K.07xzKe4sI.MY9eZmaGJRzxOzFVm20jwebNcse');
INSERT INTO Customer (customer_id, name, address, phone, email, password_harsh) VALUES ('169', 'Cinda Havick', '8145 Orin Lane', '619-619-9979', 'chavick4o@wired.com', '$2a$04$wo7YPVtktiMbYXpQ9Z8NL.Usv.I5QvORIjxV7lH6D5GEPkixUAwE6');
INSERT INTO Customer (customer_id, name, address, phone, email, password_harsh) VALUES ('170', 'Roland Ekins', '241 Bultman Lane', '960-703-3972', 'rekins4p@360.cn', '$2a$04$OjOxVrPsOSlIfs2K3GnwKOjfcAYqMbEqq1LpsLpyx.57GYPK2Cx2u');
INSERT INTO Customer (customer_id, name, address, phone, email, password_harsh) VALUES ('171', 'Niki Mattedi', '3974 Superior Place', '611-958-3963', 'nmattedi4q@senate.gov', '$2a$04$m7xNyJn5Uo3sOzoGM74zH.IK4.bRvjNfAOVf10xJeAjI9.VLd9jiq');
INSERT INTO Customer (customer_id, name, address, phone, email, password_harsh) VALUES ('172', 'Nana Grint', '809 Myrtle Parkway', '569-381-5800', 'ngrint4r@amazon.com', '$2a$04$6dl939Qvz7s4oCoTwNk5hOC1VpFF6egWOVLKWPeaWO12eeBt.FGL.');
INSERT INTO Customer (customer_id, name, address, phone, email, password_harsh) VALUES ('173', 'Angeli Overthrow', '8 Garrison Way', '983-688-5172', 'aoverthrow4s@reverbnation.com', '$2a$04$hZZ4p5JJGFggNy0dVGK5lOmagzqq7xAHmac1LmyXDidn7yrszglri');
INSERT INTO Customer (customer_id, name, address, phone, email, password_harsh) VALUES ('174', 'Ame Snoad', '28 Dunning Center', '602-996-3684', 'asnoad4t@typepad.com', '$2a$04$iNEU0Ofm1WFkOV9ZO0HMkuuomP7qbgHcSAAykd1sSCZXIKQaQQC4i');
INSERT INTO Customer (customer_id, name, address, phone, email, password_harsh) VALUES ('175', 'Kelly Dorn', '146 Express Lane', '448-440-4386', 'kdorn4u@unc.edu', '$2a$04$wA7oit7JGWuN0T06Urdgc.l3GVRWsBuW.LGi/cbjeUsNG9/nobPve');
INSERT INTO Customer (customer_id, name, address, phone, email, password_harsh) VALUES ('176', 'Fredrika Govinlock', '9693 Old Shore Terrace', '374-705-8067', 'fgovinlock4v@alexa.com', '$2a$04$MFLweoGWvOvy0OhqwpUa5.4NPD0V5j0HbWVsweFGSLv19mcu7AHQS');
INSERT INTO Customer (customer_id, name, address, phone, email, password_harsh) VALUES ('177', 'Annadiana Durdle', '70734 Dennis Circle', '808-319-1982', 'adurdle4w@ask.com', '$2a$04$NN4h6grnBTjkjbSSu1LvY.NFx6KomurwrqcUxc2VwtKN11MGmzDEG');
INSERT INTO Customer (customer_id, name, address, phone, email, password_harsh) VALUES ('178', 'Cass Bocke', '5 Bluestem Center', '644-377-5821', 'cbocke4x@comcast.net', '$2a$04$lO5bCKdQK.stlVWIkSRDiu1j96GN.by0vnOwF366M6zK77kec3FUK');
INSERT INTO Customer (customer_id, name, address, phone, email, password_harsh) VALUES ('179', 'Myrle Smails', '500 Towne Court', '361-289-7438', 'msmails4y@taobao.com', '$2a$04$P9dz/P.E0qTZc9v7ewGQB.NcWDxz1f/lQ75wcm2aFXwuUTdUSDriu');
INSERT INTO Customer (customer_id, name, address, phone, email, password_harsh) VALUES ('180', 'Jenn Millsap', '9253 Cherokee Point', '350-649-4320', 'jmillsap4z@vimeo.com', '$2a$04$CChQx8iCDzr/uTmrko9sKutaAlGjnJyyhqrmBC0YI4fdfuUGC.dr2');
INSERT INTO Customer (customer_id, name, address, phone, email, password_harsh) VALUES ('181', 'Nedda Ripon', '97240 Maple Wood Avenue', '606-142-6461', 'nripon50@google.com', '$2a$04$pv8.UQBQa2q76XfV8hp2xuzXSVMwIvcQft.iZfFopkPvlXFRepW9G');
INSERT INTO Customer (customer_id, name, address, phone, email, password_harsh) VALUES ('182', 'Pail Courtin', '38 Browning Plaza', '830-626-2958', 'pcourtin51@imgur.com', '$2a$04$pwxR59tU14QsNz9K3JWRTuq6h1da0rOG8drO4slKZ1n1/z0ZoDwF2');
INSERT INTO Customer (customer_id, name, address, phone, email, password_harsh) VALUES ('183', 'Dedra Akam', '09 Roth Park', '430-423-5237', 'dakam52@nymag.com', '$2a$04$/epllz49GrHD1TcpUtW5ruNaKKQJ0zd2EbkjYCAyE0Sw7boMiegxi');
INSERT INTO Customer (customer_id, name, address, phone, email, password_harsh) VALUES ('184', 'Karin Mackneis', '44205 Onsgard Alley', '199-159-3493', 'kmackneis53@gizmodo.com', '$2a$04$W60UBSpdocoSk2QMEerO3.0Ayv5mNbr.r5n9JiMKo88zEKL.Pb7qi');
INSERT INTO Customer (customer_id, name, address, phone, email, password_harsh) VALUES ('185', 'Poppy Rummings', '4 Portage Avenue', '573-113-9267', 'prummings54@sakura.ne.jp', '$2a$04$aSDOddMVanwWg7mTWYzFbeG3BbqPdfcvtMd1BN2CA1tLNOXROftHO');
INSERT INTO Customer (customer_id, name, address, phone, email, password_harsh) VALUES ('186', 'Ardelia Gepson', '0 School Trail', '803-874-9456', 'agepson55@dailymail.co.uk', '$2a$04$XTKVR9GsH8NuLdtIOT67d.nk8XD9Bu0fCHy4Wx.QOr9XP01CRjyU2');
INSERT INTO Customer (customer_id, name, address, phone, email, password_harsh) VALUES ('187', 'Angelina Deluce', '29731 Scoville Hill', '479-954-0629', 'adeluce56@aol.com', '$2a$04$6OYT3eFlJqYoJ/QNxKKNwu9AaXWpcRI4rlO/SDRFrO3bojEVrEM/m');
INSERT INTO Customer (customer_id, name, address, phone, email, password_harsh) VALUES ('188', 'Levi Paskins', '543 Waxwing Parkway', '506-614-4359', 'lpaskins57@chron.com', '$2a$04$dAnUZ/bVkkPPZUe2QWTcuelEHPENgu/Tz7J.1NhAJ1s2EovphMsou');
INSERT INTO Customer (customer_id, name, address, phone, email, password_harsh) VALUES ('189', 'Terri-jo Wetwood', '1186 Gale Street', '954-292-8401', 'twetwood58@thetimes.co.uk', '$2a$04$Owj6z/20N3Q.v06BYx9t/.yxcktCESp3Pz8AIBZZwsxDFUjg/V9pi');
INSERT INTO Customer (customer_id, name, address, phone, email, password_harsh) VALUES ('190', 'Alysa Busst', '57582 Twin Pines Road', '835-441-5118', 'abusst59@tmall.com', '$2a$04$jqh7O1yUTQo376y2gZBrFed0wZz2/KLE5djDZ9ksywzxu2ZrfBOae');
INSERT INTO Customer (customer_id, name, address, phone, email, password_harsh) VALUES ('191', 'Tyne Faudrie', '9572 Ramsey Alley', '401-738-5845', 'tfaudrie5a@wordpress.org', '$2a$04$31Zlv4fePkZoYpYuhDcw7O2zo8U.Y.kNlW.NvosSs1FXM0AkPJdwu');
INSERT INTO Customer (customer_id, name, address, phone, email, password_harsh) VALUES ('192', 'Matt Fenton', '6 Becker Place', '487-294-4167', 'mfenton5b@nytimes.com', '$2a$04$kEdpqVp8cYcElF7qVxD4WOtp9XT.c8.z8wkswMrx1jsGV7NoLwWqq');
INSERT INTO Customer (customer_id, name, address, phone, email, password_harsh) VALUES ('193', 'Alyda Burk', '601 Colorado Lane', '597-238-7114', 'aburk5c@wikia.com', '$2a$04$AbYn2h/s.ACoZfZoPJ/EBetYF/.ZWeUhoFfuAnt6KHN4X3X0uY0wW');
INSERT INTO Customer (customer_id, name, address, phone, email, password_harsh) VALUES ('194', 'Rozanne Bezant', '9372 Randy Street', '699-338-4078', 'rbezant5d@wix.com', '$2a$04$0J5XZ7epPdlGsyK4/0jPweZVFVYe7g2tP8QALKnE4pPFbOmLe2z/m');
INSERT INTO Customer (customer_id, name, address, phone, email, password_harsh) VALUES ('195', 'Judas Abbotts', '0 Paget Court', '984-696-0086', 'jabbotts5e@mayoclinic.com', '$2a$04$5hOkqPOzm8YapJyiqEB7Z.eiBOCnis2fwXLe5cFG4Hl7ChEoklyhK');
INSERT INTO Customer (customer_id, name, address, phone, email, password_harsh) VALUES ('196', 'Papagena Romagnosi', '97764 Mosinee Place', '939-515-2932', 'promagnosi5f@utexas.edu', '$2a$04$cpCyTZcbU.Nnh97FsQoDg.myYeLLD.HSeIA5OcVAGnlYFd/ymslEG');
INSERT INTO Customer (customer_id, name, address, phone, email, password_harsh) VALUES ('197', 'Annalee Clare', '41136 3rd Pass', '979-386-5014', 'aclare5g@t-online.de', '$2a$04$qmCDBlSJN3CHKde6VC2Fce7Onf0YyzSCMi/nxwiQua0Ew.SawDPge');
INSERT INTO Customer (customer_id, name, address, phone, email, password_harsh) VALUES ('198', 'Meir Maharey', '6071 Sundown Court', '277-737-2632', 'mmaharey5h@squarespace.com', '$2a$04$jWwkIvcmCmecdKnQkbTzJeVC4BusoJONvWqlvjwXWK3Xx8lbA/48e');
INSERT INTO Customer (customer_id, name, address, phone, email, password_harsh) VALUES ('199', 'Meade Lotherington', '45 Sauthoff Alley', '276-932-3234', 'mlotherington5i@sciencedirect.com', '$2a$04$dm49rtRTi7qTdc2xo3IzC./UN3aP2uIBRbEfpA.Cy1lU9wwDbTCYu');
INSERT INTO Customer (customer_id, name, address, phone, email, password_harsh) VALUES ('200', 'Barbara McLafferty', '34 Sycamore Junction', '548-889-0276', 'bmclafferty5j@addthis.com', '$2a$04$gpGLm1j7DYOkdsoQUd1VpeU94o9I2yuLgo4ZBbGWi9mJRGU1m/R.e');

INSERT INTO Discount (discount_id, code, rule, percentage) VALUES ('1', '586-08-7332', 'buy 5 more products to get sale', '30%');
INSERT INTO Discount (discount_id, code, rule, percentage) VALUES ('2', '230-91-8108', 'buy 2 more products to get sale', '10%');

INSERT INTO Invoice (invoice_id, order_id, date, tax, total) VALUES ('1', '53', '2024-07-22 21:24:53', '783651', '137');
INSERT INTO Invoice (invoice_id, order_id, date, tax, total) VALUES ('2', '77', '2024-07-19 02:05:45', '568478', '42');
INSERT INTO Invoice (invoice_id, order_id, date, tax, total) VALUES ('3', '114', '2024-12-16 02:55:31', '622870', '165');
INSERT INTO Invoice (invoice_id, order_id, date, tax, total) VALUES ('4', '94', '2024-08-01 17:14:41', '463217', '108');
INSERT INTO Invoice (invoice_id, order_id, date, tax, total) VALUES ('5', '23', '2024-09-18 04:12:18', '516654', '180');
INSERT INTO Invoice (invoice_id, order_id, date, tax, total) VALUES ('6', '199', '2024-08-22 05:47:08', '935830', '168');
INSERT INTO Invoice (invoice_id, order_id, date, tax, total) VALUES ('7', '34', '2024-11-05 00:01:24', '992043', '97');
INSERT INTO Invoice (invoice_id, order_id, date, tax, total) VALUES ('8', '155', '2025-05-15 20:43:53', '357054', '127');
INSERT INTO Invoice (invoice_id, order_id, date, tax, total) VALUES ('9', '26', '2024-12-18 21:00:48', '480409', '32');
INSERT INTO Invoice (invoice_id, order_id, date, tax, total) VALUES ('10', '135', '2024-12-22 10:07:53', '311264', '55');
INSERT INTO Invoice (invoice_id, order_id, date, tax, total) VALUES ('11', '119', '2024-10-18 19:39:40', '620957', '24');
INSERT INTO Invoice (invoice_id, order_id, date, tax, total) VALUES ('12', '141', '2024-10-09 13:45:16', '968639', '145');
INSERT INTO Invoice (invoice_id, order_id, date, tax, total) VALUES ('13', '161', '2025-03-03 08:59:44', '296121', '155');
INSERT INTO Invoice (invoice_id, order_id, date, tax, total) VALUES ('14', '113', '2024-07-25 14:44:08', '105212', '69');
INSERT INTO Invoice (invoice_id, order_id, date, tax, total) VALUES ('15', '183', '2025-05-14 01:49:05', '749032', '77');
INSERT INTO Invoice (invoice_id, order_id, date, tax, total) VALUES ('16', '107', '2024-11-07 18:29:44', '201944', '185');
INSERT INTO Invoice (invoice_id, order_id, date, tax, total) VALUES ('17', '167', '2024-10-14 15:10:04', '914612', '17');
INSERT INTO Invoice (invoice_id, order_id, date, tax, total) VALUES ('18', '19', '2025-06-01 16:12:04', '958410', '74');
INSERT INTO Invoice (invoice_id, order_id, date, tax, total) VALUES ('19', '165', '2025-03-14 23:39:14', '608787', '55');
INSERT INTO Invoice (invoice_id, order_id, date, tax, total) VALUES ('20', '62', '2025-02-11 17:27:50', '298885', '149');
INSERT INTO Invoice (invoice_id, order_id, date, tax, total) VALUES ('21', '157', '2025-02-13 16:19:33', '268113', '196');
INSERT INTO Invoice (invoice_id, order_id, date, tax, total) VALUES ('22', '39', '2024-10-15 11:03:51', '599832', '177');
INSERT INTO Invoice (invoice_id, order_id, date, tax, total) VALUES ('23', '49', '2024-07-18 19:19:49', '259267', '13');
INSERT INTO Invoice (invoice_id, order_id, date, tax, total) VALUES ('24', '142', '2025-03-05 04:09:05', '631708', '122');
INSERT INTO Invoice (invoice_id, order_id, date, tax, total) VALUES ('25', '182', '2025-01-29 07:25:02', '559334', '121');
INSERT INTO Invoice (invoice_id, order_id, date, tax, total) VALUES ('26', '80', '2025-05-13 06:47:11', '732106', '156');
INSERT INTO Invoice (invoice_id, order_id, date, tax, total) VALUES ('27', '183', '2024-08-03 19:12:54', '543811', '8');
INSERT INTO Invoice (invoice_id, order_id, date, tax, total) VALUES ('28', '101', '2025-01-02 14:47:22', '209951', '55');
INSERT INTO Invoice (invoice_id, order_id, date, tax, total) VALUES ('29', '175', '2025-02-23 06:16:09', '257262', '109');
INSERT INTO Invoice (invoice_id, order_id, date, tax, total) VALUES ('30', '173', '2024-08-23 14:59:27', '362720', '158');
INSERT INTO Invoice (invoice_id, order_id, date, tax, total) VALUES ('31', '45', '2024-10-05 04:19:47', '469625', '147');
INSERT INTO Invoice (invoice_id, order_id, date, tax, total) VALUES ('32', '105', '2024-10-29 01:20:37', '275782', '13');
INSERT INTO Invoice (invoice_id, order_id, date, tax, total) VALUES ('33', '82', '2024-12-01 13:54:19', '637398', '178');
INSERT INTO Invoice (invoice_id, order_id, date, tax, total) VALUES ('34', '196', '2025-02-16 08:50:00', '441288', '151');
INSERT INTO Invoice (invoice_id, order_id, date, tax, total) VALUES ('35', '189', '2024-10-18 05:48:01', '374602', '115');
INSERT INTO Invoice (invoice_id, order_id, date, tax, total) VALUES ('36', '56', '2024-08-22 20:41:48', '325184', '22');
INSERT INTO Invoice (invoice_id, order_id, date, tax, total) VALUES ('37', '34', '2025-01-18 05:25:01', '822504', '58');
INSERT INTO Invoice (invoice_id, order_id, date, tax, total) VALUES ('38', '126', '2024-07-02 22:59:28', '646473', '59');
INSERT INTO Invoice (invoice_id, order_id, date, tax, total) VALUES ('39', '38', '2024-08-13 00:24:20', '777335', '109');
INSERT INTO Invoice (invoice_id, order_id, date, tax, total) VALUES ('40', '87', '2024-10-29 01:46:58', '647317', '134');
INSERT INTO Invoice (invoice_id, order_id, date, tax, total) VALUES ('41', '99', '2024-06-15 14:32:21', '525427', '109');
INSERT INTO Invoice (invoice_id, order_id, date, tax, total) VALUES ('42', '151', '2025-03-03 20:18:39', '520670', '114');
INSERT INTO Invoice (invoice_id, order_id, date, tax, total) VALUES ('43', '198', '2025-01-09 10:13:01', '382762', '195');
INSERT INTO Invoice (invoice_id, order_id, date, tax, total) VALUES ('44', '144', '2024-06-18 14:00:17', '734341', '171');
INSERT INTO Invoice (invoice_id, order_id, date, tax, total) VALUES ('45', '87', '2024-06-09 02:54:40', '532827', '11');
INSERT INTO Invoice (invoice_id, order_id, date, tax, total) VALUES ('46', '17', '2025-04-13 13:47:27', '470186', '20');
INSERT INTO Invoice (invoice_id, order_id, date, tax, total) VALUES ('47', '77', '2025-04-09 20:14:13', '903119', '23');
INSERT INTO Invoice (invoice_id, order_id, date, tax, total) VALUES ('48', '67', '2024-06-25 00:08:49', '280789', '195');
INSERT INTO Invoice (invoice_id, order_id, date, tax, total) VALUES ('49', '175', '2024-06-11 02:26:15', '526948', '44');
INSERT INTO Invoice (invoice_id, order_id, date, tax, total) VALUES ('50', '176', '2025-03-16 04:50:06', '357371', '121');
INSERT INTO Invoice (invoice_id, order_id, date, tax, total) VALUES ('51', '135', '2024-08-11 12:07:53', '580282', '33');
INSERT INTO Invoice (invoice_id, order_id, date, tax, total) VALUES ('52', '12', '2024-11-11 09:55:35', '196969', '37');
INSERT INTO Invoice (invoice_id, order_id, date, tax, total) VALUES ('53', '28', '2024-10-02 17:02:27', '362574', '35');
INSERT INTO Invoice (invoice_id, order_id, date, tax, total) VALUES ('54', '191', '2024-07-21 22:25:51', '180597', '12');
INSERT INTO Invoice (invoice_id, order_id, date, tax, total) VALUES ('55', '84', '2025-04-06 01:00:00', '567113', '126');
INSERT INTO Invoice (invoice_id, order_id, date, tax, total) VALUES ('56', '57', '2024-06-10 05:24:28', '233813', '86');
INSERT INTO Invoice (invoice_id, order_id, date, tax, total) VALUES ('57', '10', '2025-05-03 01:12:59', '256022', '184');
INSERT INTO Invoice (invoice_id, order_id, date, tax, total) VALUES ('58', '150', '2024-06-27 03:08:17', '539721', '109');
INSERT INTO Invoice (invoice_id, order_id, date, tax, total) VALUES ('59', '145', '2025-02-19 06:36:31', '323491', '86');
INSERT INTO Invoice (invoice_id, order_id, date, tax, total) VALUES ('60', '80', '2024-09-06 14:54:26', '326065', '8');
INSERT INTO Invoice (invoice_id, order_id, date, tax, total) VALUES ('61', '190', '2024-08-17 06:27:29', '543790', '128');
INSERT INTO Invoice (invoice_id, order_id, date, tax, total) VALUES ('62', '65', '2025-04-09 04:32:56', '282749', '24');
INSERT INTO Invoice (invoice_id, order_id, date, tax, total) VALUES ('63', '173', '2024-10-20 21:10:13', '904030', '76');
INSERT INTO Invoice (invoice_id, order_id, date, tax, total) VALUES ('64', '12', '2024-12-15 14:42:46', '983248', '103');
INSERT INTO Invoice (invoice_id, order_id, date, tax, total) VALUES ('65', '19', '2025-05-08 17:17:05', '720448', '100');
INSERT INTO Invoice (invoice_id, order_id, date, tax, total) VALUES ('66', '31', '2025-01-05 01:24:07', '197453', '119');
INSERT INTO Invoice (invoice_id, order_id, date, tax, total) VALUES ('67', '41', '2025-03-04 08:08:19', '955002', '162');
INSERT INTO Invoice (invoice_id, order_id, date, tax, total) VALUES ('68', '161', '2025-01-01 17:00:43', '762603', '34');
INSERT INTO Invoice (invoice_id, order_id, date, tax, total) VALUES ('69', '166', '2024-07-24 04:40:51', '485208', '197');
INSERT INTO Invoice (invoice_id, order_id, date, tax, total) VALUES ('70', '197', '2024-09-16 01:17:12', '266271', '199');
INSERT INTO Invoice (invoice_id, order_id, date, tax, total) VALUES ('71', '165', '2024-11-28 13:34:42', '709593', '55');
INSERT INTO Invoice (invoice_id, order_id, date, tax, total) VALUES ('72', '162', '2024-09-17 11:51:26', '847945', '106');
INSERT INTO Invoice (invoice_id, order_id, date, tax, total) VALUES ('73', '146', '2025-04-24 10:47:14', '120825', '108');
INSERT INTO Invoice (invoice_id, order_id, date, tax, total) VALUES ('74', '22', '2024-10-08 12:06:01', '412335', '97');
INSERT INTO Invoice (invoice_id, order_id, date, tax, total) VALUES ('75', '77', '2025-05-03 17:15:52', '657378', '188');
INSERT INTO Invoice (invoice_id, order_id, date, tax, total) VALUES ('76', '178', '2024-06-30 08:50:31', '619517', '45');
INSERT INTO Invoice (invoice_id, order_id, date, tax, total) VALUES ('77', '143', '2025-05-04 19:59:04', '162611', '138');
INSERT INTO Invoice (invoice_id, order_id, date, tax, total) VALUES ('78', '131', '2024-11-28 02:30:57', '700177', '49');
INSERT INTO Invoice (invoice_id, order_id, date, tax, total) VALUES ('79', '143', '2025-02-27 06:43:58', '358601', '71');
INSERT INTO Invoice (invoice_id, order_id, date, tax, total) VALUES ('80', '16', '2024-11-27 01:38:21', '898566', '21');
INSERT INTO Invoice (invoice_id, order_id, date, tax, total) VALUES ('81', '103', '2025-04-30 10:45:02', '142213', '143');
INSERT INTO Invoice (invoice_id, order_id, date, tax, total) VALUES ('82', '191', '2024-08-30 22:35:19', '863534', '78');
INSERT INTO Invoice (invoice_id, order_id, date, tax, total) VALUES ('83', '189', '2025-03-30 02:57:32', '546180', '9');
INSERT INTO Invoice (invoice_id, order_id, date, tax, total) VALUES ('84', '116', '2025-03-24 13:27:05', '954920', '157');
INSERT INTO Invoice (invoice_id, order_id, date, tax, total) VALUES ('85', '75', '2025-02-28 20:00:57', '753752', '35');
INSERT INTO Invoice (invoice_id, order_id, date, tax, total) VALUES ('86', '135', '2024-09-13 18:17:40', '240976', '191');
INSERT INTO Invoice (invoice_id, order_id, date, tax, total) VALUES ('87', '136', '2024-07-25 00:45:45', '465687', '161');
INSERT INTO Invoice (invoice_id, order_id, date, tax, total) VALUES ('88', '196', '2025-05-05 11:48:29', '303271', '33');
INSERT INTO Invoice (invoice_id, order_id, date, tax, total) VALUES ('89', '54', '2025-02-09 09:06:51', '665163', '13');
INSERT INTO Invoice (invoice_id, order_id, date, tax, total) VALUES ('90', '106', '2025-05-30 22:32:44', '830133', '152');
INSERT INTO Invoice (invoice_id, order_id, date, tax, total) VALUES ('91', '105', '2024-08-28 18:02:58', '973983', '90');
INSERT INTO Invoice (invoice_id, order_id, date, tax, total) VALUES ('92', '166', '2025-03-05 22:23:36', '979782', '196');
INSERT INTO Invoice (invoice_id, order_id, date, tax, total) VALUES ('93', '18', '2024-12-02 21:42:45', '104981', '13');
INSERT INTO Invoice (invoice_id, order_id, date, tax, total) VALUES ('94', '177', '2024-07-23 16:29:06', '158837', '122');
INSERT INTO Invoice (invoice_id, order_id, date, tax, total) VALUES ('95', '181', '2024-08-10 20:11:30', '453609', '167');
INSERT INTO Invoice (invoice_id, order_id, date, tax, total) VALUES ('96', '17', '2025-03-02 23:51:33', '257808', '83');
INSERT INTO Invoice (invoice_id, order_id, date, tax, total) VALUES ('97', '132', '2024-08-21 17:35:07', '509776', '105');
INSERT INTO Invoice (invoice_id, order_id, date, tax, total) VALUES ('98', '34', '2024-09-27 06:09:40', '800090', '101');
INSERT INTO Invoice (invoice_id, order_id, date, tax, total) VALUES ('99', '155', '2025-04-07 06:23:36', '598909', '177');
INSERT INTO Invoice (invoice_id, order_id, date, tax, total) VALUES ('100', '140', '2024-10-15 13:01:34', '347023', '185');
INSERT INTO Invoice (invoice_id, order_id, date, tax, total) VALUES ('101', '126', '2025-01-21 08:53:09', '915106', '71');
INSERT INTO Invoice (invoice_id, order_id, date, tax, total) VALUES ('102', '116', '2024-10-20 04:50:56', '929423', '165');
INSERT INTO Invoice (invoice_id, order_id, date, tax, total) VALUES ('103', '20', '2025-04-29 06:10:55', '376436', '22');
INSERT INTO Invoice (invoice_id, order_id, date, tax, total) VALUES ('104', '4', '2024-06-25 16:00:07', '505530', '173');
INSERT INTO Invoice (invoice_id, order_id, date, tax, total) VALUES ('105', '112', '2024-08-20 04:22:06', '893710', '20');
INSERT INTO Invoice (invoice_id, order_id, date, tax, total) VALUES ('106', '22', '2024-08-05 22:35:57', '465922', '197');
INSERT INTO Invoice (invoice_id, order_id, date, tax, total) VALUES ('107', '167', '2024-07-03 01:54:15', '123576', '26');
INSERT INTO Invoice (invoice_id, order_id, date, tax, total) VALUES ('108', '19', '2024-09-04 20:54:01', '376598', '166');
INSERT INTO Invoice (invoice_id, order_id, date, tax, total) VALUES ('109', '18', '2025-04-19 04:33:27', '797080', '59');
INSERT INTO Invoice (invoice_id, order_id, date, tax, total) VALUES ('110', '129', '2024-09-15 10:29:57', '448730', '5');
INSERT INTO Invoice (invoice_id, order_id, date, tax, total) VALUES ('111', '136', '2024-10-16 22:21:40', '906360', '55');
INSERT INTO Invoice (invoice_id, order_id, date, tax, total) VALUES ('112', '152', '2025-02-24 03:38:43', '192950', '44');
INSERT INTO Invoice (invoice_id, order_id, date, tax, total) VALUES ('113', '177', '2024-06-26 19:01:23', '374839', '127');
INSERT INTO Invoice (invoice_id, order_id, date, tax, total) VALUES ('114', '32', '2025-06-01 19:51:34', '908012', '42');
INSERT INTO Invoice (invoice_id, order_id, date, tax, total) VALUES ('115', '187', '2024-08-16 15:46:52', '831672', '105');
INSERT INTO Invoice (invoice_id, order_id, date, tax, total) VALUES ('116', '162', '2024-09-10 00:22:51', '993514', '4');
INSERT INTO Invoice (invoice_id, order_id, date, tax, total) VALUES ('117', '30', '2024-10-26 05:58:45', '324245', '71');
INSERT INTO Invoice (invoice_id, order_id, date, tax, total) VALUES ('118', '166', '2024-10-29 03:34:45', '317679', '41');
INSERT INTO Invoice (invoice_id, order_id, date, tax, total) VALUES ('119', '113', '2025-01-12 18:49:04', '461719', '111');
INSERT INTO Invoice (invoice_id, order_id, date, tax, total) VALUES ('120', '90', '2024-12-13 15:11:01', '530484', '33');
INSERT INTO Invoice (invoice_id, order_id, date, tax, total) VALUES ('121', '118', '2025-03-18 08:27:31', '615913', '121');
INSERT INTO Invoice (invoice_id, order_id, date, tax, total) VALUES ('122', '23', '2024-11-11 07:59:58', '607329', '4');
INSERT INTO Invoice (invoice_id, order_id, date, tax, total) VALUES ('123', '168', '2025-03-26 08:23:39', '818322', '184');
INSERT INTO Invoice (invoice_id, order_id, date, tax, total) VALUES ('124', '57', '2025-05-15 17:01:38', '747664', '49');
INSERT INTO Invoice (invoice_id, order_id, date, tax, total) VALUES ('125', '39', '2024-06-05 17:09:09', '984451', '121');
INSERT INTO Invoice (invoice_id, order_id, date, tax, total) VALUES ('126', '49', '2025-03-28 11:11:31', '803304', '46');
INSERT INTO Invoice (invoice_id, order_id, date, tax, total) VALUES ('127', '163', '2024-06-04 04:44:49', '310956', '97');
INSERT INTO Invoice (invoice_id, order_id, date, tax, total) VALUES ('128', '21', '2024-10-07 16:19:16', '870496', '176');
INSERT INTO Invoice (invoice_id, order_id, date, tax, total) VALUES ('129', '179', '2025-02-06 22:59:10', '100959', '130');
INSERT INTO Invoice (invoice_id, order_id, date, tax, total) VALUES ('130', '118', '2025-01-11 07:53:36', '576843', '146');
INSERT INTO Invoice (invoice_id, order_id, date, tax, total) VALUES ('131', '161', '2025-01-04 03:56:53', '420040', '8');
INSERT INTO Invoice (invoice_id, order_id, date, tax, total) VALUES ('132', '82', '2024-09-19 10:58:39', '623489', '198');
INSERT INTO Invoice (invoice_id, order_id, date, tax, total) VALUES ('133', '83', '2024-09-11 12:15:59', '810073', '95');
INSERT INTO Invoice (invoice_id, order_id, date, tax, total) VALUES ('134', '137', '2025-03-28 18:09:07', '978068', '35');
INSERT INTO Invoice (invoice_id, order_id, date, tax, total) VALUES ('135', '53', '2024-09-30 03:40:53', '814846', '31');
INSERT INTO Invoice (invoice_id, order_id, date, tax, total) VALUES ('136', '165', '2025-03-16 08:29:13', '970962', '67');
INSERT INTO Invoice (invoice_id, order_id, date, tax, total) VALUES ('137', '51', '2024-07-11 11:37:52', '192874', '141');
INSERT INTO Invoice (invoice_id, order_id, date, tax, total) VALUES ('138', '17', '2025-05-20 19:05:26', '771750', '170');
INSERT INTO Invoice (invoice_id, order_id, date, tax, total) VALUES ('139', '114', '2024-11-25 16:48:54', '208220', '144');
INSERT INTO Invoice (invoice_id, order_id, date, tax, total) VALUES ('140', '50', '2024-09-28 09:43:00', '413602', '26');
INSERT INTO Invoice (invoice_id, order_id, date, tax, total) VALUES ('141', '175', '2025-01-28 04:42:02', '671054', '181');
INSERT INTO Invoice (invoice_id, order_id, date, tax, total) VALUES ('142', '181', '2025-04-16 14:43:41', '111832', '172');
INSERT INTO Invoice (invoice_id, order_id, date, tax, total) VALUES ('143', '11', '2025-02-03 19:47:25', '556690', '35');
INSERT INTO Invoice (invoice_id, order_id, date, tax, total) VALUES ('144', '195', '2024-07-26 20:27:08', '960666', '5');
INSERT INTO Invoice (invoice_id, order_id, date, tax, total) VALUES ('145', '83', '2024-10-12 06:05:35', '469774', '42');
INSERT INTO Invoice (invoice_id, order_id, date, tax, total) VALUES ('146', '169', '2024-11-06 07:26:31', '957651', '192');
INSERT INTO Invoice (invoice_id, order_id, date, tax, total) VALUES ('147', '89', '2025-05-22 09:14:41', '999776', '17');
INSERT INTO Invoice (invoice_id, order_id, date, tax, total) VALUES ('148', '32', '2024-07-06 14:38:48', '882276', '74');
INSERT INTO Invoice (invoice_id, order_id, date, tax, total) VALUES ('149', '197', '2025-02-05 08:13:18', '994982', '135');
INSERT INTO Invoice (invoice_id, order_id, date, tax, total) VALUES ('150', '52', '2024-06-18 11:34:24', '688876', '100');
INSERT INTO Invoice (invoice_id, order_id, date, tax, total) VALUES ('151', '81', '2024-06-05 20:44:21', '921786', '137');
INSERT INTO Invoice (invoice_id, order_id, date, tax, total) VALUES ('152', '16', '2025-01-12 03:11:35', '290034', '98');
INSERT INTO Invoice (invoice_id, order_id, date, tax, total) VALUES ('153', '143', '2024-09-30 02:23:02', '515227', '122');
INSERT INTO Invoice (invoice_id, order_id, date, tax, total) VALUES ('154', '151', '2024-08-25 19:26:45', '427088', '180');
INSERT INTO Invoice (invoice_id, order_id, date, tax, total) VALUES ('155', '184', '2025-05-24 14:39:43', '912246', '116');
INSERT INTO Invoice (invoice_id, order_id, date, tax, total) VALUES ('156', '63', '2024-12-30 14:02:11', '377400', '28');
INSERT INTO Invoice (invoice_id, order_id, date, tax, total) VALUES ('157', '142', '2024-07-17 17:09:25', '866646', '187');
INSERT INTO Invoice (invoice_id, order_id, date, tax, total) VALUES ('158', '187', '2025-02-13 02:24:43', '778692', '60');
INSERT INTO Invoice (invoice_id, order_id, date, tax, total) VALUES ('159', '126', '2025-03-27 20:20:39', '449009', '164');
INSERT INTO Invoice (invoice_id, order_id, date, tax, total) VALUES ('160', '7', '2025-05-05 20:06:55', '137523', '196');
INSERT INTO Invoice (invoice_id, order_id, date, tax, total) VALUES ('161', '192', '2024-07-15 00:09:51', '554985', '43');
INSERT INTO Invoice (invoice_id, order_id, date, tax, total) VALUES ('162', '36', '2024-09-17 10:18:52', '948127', '155');
INSERT INTO Invoice (invoice_id, order_id, date, tax, total) VALUES ('163', '170', '2025-03-21 00:23:34', '142137', '123');
INSERT INTO Invoice (invoice_id, order_id, date, tax, total) VALUES ('164', '184', '2024-10-01 14:13:38', '598351', '17');
INSERT INTO Invoice (invoice_id, order_id, date, tax, total) VALUES ('165', '79', '2024-12-30 01:37:48', '770238', '113');
INSERT INTO Invoice (invoice_id, order_id, date, tax, total) VALUES ('166', '57', '2024-12-31 04:16:30', '782411', '13');
INSERT INTO Invoice (invoice_id, order_id, date, tax, total) VALUES ('167', '106', '2025-04-09 03:28:25', '173863', '8');
INSERT INTO Invoice (invoice_id, order_id, date, tax, total) VALUES ('168', '94', '2024-09-21 09:18:13', '779269', '107');
INSERT INTO Invoice (invoice_id, order_id, date, tax, total) VALUES ('169', '28', '2024-08-24 03:08:55', '154594', '14');
INSERT INTO Invoice (invoice_id, order_id, date, tax, total) VALUES ('170', '42', '2025-04-10 22:01:23', '164388', '14');
INSERT INTO Invoice (invoice_id, order_id, date, tax, total) VALUES ('171', '118', '2025-05-29 21:55:18', '392598', '7');
INSERT INTO Invoice (invoice_id, order_id, date, tax, total) VALUES ('172', '62', '2025-01-22 17:31:49', '742921', '105');
INSERT INTO Invoice (invoice_id, order_id, date, tax, total) VALUES ('173', '113', '2025-03-05 03:24:53', '624079', '33');
INSERT INTO Invoice (invoice_id, order_id, date, tax, total) VALUES ('174', '187', '2025-05-16 13:02:58', '476945', '102');
INSERT INTO Invoice (invoice_id, order_id, date, tax, total) VALUES ('175', '98', '2024-09-25 11:58:01', '473521', '67');
INSERT INTO Invoice (invoice_id, order_id, date, tax, total) VALUES ('176', '33', '2024-08-14 18:50:36', '371224', '95');
INSERT INTO Invoice (invoice_id, order_id, date, tax, total) VALUES ('177', '42', '2024-10-09 12:48:48', '379638', '200');
INSERT INTO Invoice (invoice_id, order_id, date, tax, total) VALUES ('178', '36', '2025-04-10 10:31:51', '300741', '159');
INSERT INTO Invoice (invoice_id, order_id, date, tax, total) VALUES ('179', '19', '2025-05-26 22:25:51', '995080', '198');
INSERT INTO Invoice (invoice_id, order_id, date, tax, total) VALUES ('180', '13', '2024-06-23 18:44:05', '893107', '158');
INSERT INTO Invoice (invoice_id, order_id, date, tax, total) VALUES ('181', '36', '2024-11-06 13:37:51', '294697', '180');
INSERT INTO Invoice (invoice_id, order_id, date, tax, total) VALUES ('182', '106', '2024-11-19 05:27:50', '262889', '76');
INSERT INTO Invoice (invoice_id, order_id, date, tax, total) VALUES ('183', '165', '2024-09-09 09:25:17', '601477', '52');
INSERT INTO Invoice (invoice_id, order_id, date, tax, total) VALUES ('184', '19', '2024-09-15 10:12:55', '187251', '41');
INSERT INTO Invoice (invoice_id, order_id, date, tax, total) VALUES ('185', '149', '2024-08-23 15:24:37', '286624', '33');
INSERT INTO Invoice (invoice_id, order_id, date, tax, total) VALUES ('186', '165', '2025-04-27 06:47:00', '846618', '106');
INSERT INTO Invoice (invoice_id, order_id, date, tax, total) VALUES ('187', '175', '2024-07-22 12:21:32', '374714', '176');
INSERT INTO Invoice (invoice_id, order_id, date, tax, total) VALUES ('188', '90', '2024-10-30 02:04:13', '247302', '146');
INSERT INTO Invoice (invoice_id, order_id, date, tax, total) VALUES ('189', '113', '2025-03-22 01:05:26', '124917', '154');
INSERT INTO Invoice (invoice_id, order_id, date, tax, total) VALUES ('190', '30', '2025-01-16 07:08:45', '540221', '109');
INSERT INTO Invoice (invoice_id, order_id, date, tax, total) VALUES ('191', '153', '2024-11-15 00:02:58', '441603', '4');
INSERT INTO Invoice (invoice_id, order_id, date, tax, total) VALUES ('192', '75', '2025-06-01 08:42:56', '284897', '36');
INSERT INTO Invoice (invoice_id, order_id, date, tax, total) VALUES ('193', '109', '2024-07-03 15:12:51', '592406', '64');
INSERT INTO Invoice (invoice_id, order_id, date, tax, total) VALUES ('194', '33', '2024-10-05 14:51:19', '368150', '6');
INSERT INTO Invoice (invoice_id, order_id, date, tax, total) VALUES ('195', '136', '2025-03-02 09:42:46', '160509', '118');
INSERT INTO Invoice (invoice_id, order_id, date, tax, total) VALUES ('196', '71', '2025-05-23 17:26:44', '311954', '33');
INSERT INTO Invoice (invoice_id, order_id, date, tax, total) VALUES ('197', '117', '2024-07-26 02:27:31', '608889', '182');
INSERT INTO Invoice (invoice_id, order_id, date, tax, total) VALUES ('198', '17', '2024-12-15 03:42:41', '188171', '155');
INSERT INTO Invoice (invoice_id, order_id, date, tax, total) VALUES ('199', '150', '2024-10-06 03:53:17', '272222', '55');
INSERT INTO Invoice (invoice_id, order_id, date, tax, total) VALUES ('200', '92', '2024-06-08 22:21:20', '615186', '161');

INSERT INTO Notification (notification_id, customer_id, type, content, timestamp) VALUES ('1', '80', 'email', 'information of product is being sent to your email', '2025-02-16 06:58:22');
INSERT INTO Notification (notification_id, customer_id, type, content, timestamp) VALUES ('2', '165', 'email', 'information of product is being sent to your email', '2025-03-27 15:00:52');
INSERT INTO Notification (notification_id, customer_id, type, content, timestamp) VALUES ('3', '129', 'email', 'information of product is being sent to your email', '2025-01-12 13:02:47');
INSERT INTO Notification (notification_id, customer_id, type, content, timestamp) VALUES ('4', '121', 'email', 'information of product is being sent to your email', '2025-06-01 14:45:03');
INSERT INTO Notification (notification_id, customer_id, type, content, timestamp) VALUES ('5', '26', 'email', 'information of product is being sent to your email', '2025-03-08 22:13:28');
INSERT INTO Notification (notification_id, customer_id, type, content, timestamp) VALUES ('6', '96', 'email', 'information of product is being sent to your email', '2024-08-27 14:02:07');
INSERT INTO Notification (notification_id, customer_id, type, content, timestamp) VALUES ('7', '179', 'email', 'information of product is being sent to your email', '2024-11-19 14:29:01');
INSERT INTO Notification (notification_id, customer_id, type, content, timestamp) VALUES ('8', '72', 'email', 'information of product is being sent to your email', '2025-02-15 11:33:16');
INSERT INTO Notification (notification_id, customer_id, type, content, timestamp) VALUES ('9', '177', 'email', 'information of product is being sent to your email', '2025-04-28 16:07:19');
INSERT INTO Notification (notification_id, customer_id, type, content, timestamp) VALUES ('10', '41', 'email', 'information of product is being sent to your email', '2025-05-25 18:00:39');
INSERT INTO Notification (notification_id, customer_id, type, content, timestamp) VALUES ('11', '175', 'email', 'information of product is being sent to your email', '2024-12-22 18:10:01');
INSERT INTO Notification (notification_id, customer_id, type, content, timestamp) VALUES ('12', '96', 'email', 'information of product is being sent to your email', '2024-06-19 22:27:26');
INSERT INTO Notification (notification_id, customer_id, type, content, timestamp) VALUES ('13', '111', 'email', 'information of product is being sent to your email', '2025-05-03 02:52:33');
INSERT INTO Notification (notification_id, customer_id, type, content, timestamp) VALUES ('14', '191', 'email', 'information of product is being sent to your email', '2024-12-25 12:18:38');
INSERT INTO Notification (notification_id, customer_id, type, content, timestamp) VALUES ('15', '174', 'email', 'information of product is being sent to your email', '2024-08-02 08:21:08');
INSERT INTO Notification (notification_id, customer_id, type, content, timestamp) VALUES ('16', '107', 'email', 'information of product is being sent to your email', '2025-01-01 01:08:20');
INSERT INTO Notification (notification_id, customer_id, type, content, timestamp) VALUES ('17', '1', 'email', 'information of product is being sent to your email', '2025-01-27 00:57:55');
INSERT INTO Notification (notification_id, customer_id, type, content, timestamp) VALUES ('18', '36', 'email', 'information of product is being sent to your email', '2025-01-23 00:08:17');
INSERT INTO Notification (notification_id, customer_id, type, content, timestamp) VALUES ('19', '155', 'email', 'information of product is being sent to your email', '2024-09-27 14:13:22');
INSERT INTO Notification (notification_id, customer_id, type, content, timestamp) VALUES ('20', '18', 'email', 'information of product is being sent to your email', '2024-07-07 09:54:27');
INSERT INTO Notification (notification_id, customer_id, type, content, timestamp) VALUES ('21', '91', 'email', 'information of product is being sent to your email', '2025-04-05 17:41:51');
INSERT INTO Notification (notification_id, customer_id, type, content, timestamp) VALUES ('22', '44', 'email', 'information of product is being sent to your email', '2024-07-08 19:38:19');
INSERT INTO Notification (notification_id, customer_id, type, content, timestamp) VALUES ('23', '38', 'email', 'information of product is being sent to your email', '2024-11-28 22:27:24');
INSERT INTO Notification (notification_id, customer_id, type, content, timestamp) VALUES ('24', '121', 'email', 'information of product is being sent to your email', '2024-10-16 23:51:08');
INSERT INTO Notification (notification_id, customer_id, type, content, timestamp) VALUES ('25', '180', 'email', 'information of product is being sent to your email', '2024-11-16 08:56:50');
INSERT INTO Notification (notification_id, customer_id, type, content, timestamp) VALUES ('26', '123', 'email', 'information of product is being sent to your email', '2025-04-23 19:29:09');
INSERT INTO Notification (notification_id, customer_id, type, content, timestamp) VALUES ('27', '70', 'email', 'information of product is being sent to your email', '2025-01-03 20:05:50');
INSERT INTO Notification (notification_id, customer_id, type, content, timestamp) VALUES ('28', '153', 'email', 'information of product is being sent to your email', '2025-02-11 22:46:15');
INSERT INTO Notification (notification_id, customer_id, type, content, timestamp) VALUES ('29', '142', 'email', 'information of product is being sent to your email', '2025-01-28 04:22:52');
INSERT INTO Notification (notification_id, customer_id, type, content, timestamp) VALUES ('30', '193', 'email', 'information of product is being sent to your email', '2025-05-09 14:26:46');
INSERT INTO Notification (notification_id, customer_id, type, content, timestamp) VALUES ('31', '71', 'email', 'information of product is being sent to your email', '2024-07-12 21:08:14');
INSERT INTO Notification (notification_id, customer_id, type, content, timestamp) VALUES ('32', '22', 'email', 'information of product is being sent to your email', '2024-07-23 21:22:45');
INSERT INTO Notification (notification_id, customer_id, type, content, timestamp) VALUES ('33', '16', 'email', 'information of product is being sent to your email', '2025-03-01 05:01:56');
INSERT INTO Notification (notification_id, customer_id, type, content, timestamp) VALUES ('34', '5', 'email', 'information of product is being sent to your email', '2025-04-22 01:09:54');
INSERT INTO Notification (notification_id, customer_id, type, content, timestamp) VALUES ('35', '56', 'email', 'information of product is being sent to your email', '2025-04-24 16:51:36');
INSERT INTO Notification (notification_id, customer_id, type, content, timestamp) VALUES ('36', '125', 'email', 'information of product is being sent to your email', '2024-12-03 21:56:14');
INSERT INTO Notification (notification_id, customer_id, type, content, timestamp) VALUES ('37', '54', 'email', 'information of product is being sent to your email', '2024-11-11 20:48:37');
INSERT INTO Notification (notification_id, customer_id, type, content, timestamp) VALUES ('38', '2', 'email', 'information of product is being sent to your email', '2024-06-14 10:03:48');
INSERT INTO Notification (notification_id, customer_id, type, content, timestamp) VALUES ('39', '91', 'email', 'information of product is being sent to your email', '2024-11-22 22:22:17');
INSERT INTO Notification (notification_id, customer_id, type, content, timestamp) VALUES ('40', '118', 'email', 'information of product is being sent to your email', '2024-09-04 09:49:30');
INSERT INTO Notification (notification_id, customer_id, type, content, timestamp) VALUES ('41', '19', 'email', 'information of product is being sent to your email', '2024-12-20 17:34:39');
INSERT INTO Notification (notification_id, customer_id, type, content, timestamp) VALUES ('42', '37', 'email', 'information of product is being sent to your email', '2025-02-20 11:57:31');
INSERT INTO Notification (notification_id, customer_id, type, content, timestamp) VALUES ('43', '23', 'email', 'information of product is being sent to your email', '2024-08-22 15:28:53');
INSERT INTO Notification (notification_id, customer_id, type, content, timestamp) VALUES ('44', '190', 'email', 'information of product is being sent to your email', '2024-06-14 19:38:14');
INSERT INTO Notification (notification_id, customer_id, type, content, timestamp) VALUES ('45', '63', 'email', 'information of product is being sent to your email', '2025-03-07 14:55:35');
INSERT INTO Notification (notification_id, customer_id, type, content, timestamp) VALUES ('46', '78', 'email', 'information of product is being sent to your email', '2024-11-08 06:35:40');
INSERT INTO Notification (notification_id, customer_id, type, content, timestamp) VALUES ('47', '55', 'email', 'information of product is being sent to your email', '2025-02-06 18:18:01');
INSERT INTO Notification (notification_id, customer_id, type, content, timestamp) VALUES ('48', '191', 'email', 'information of product is being sent to your email', '2024-11-17 02:34:05');
INSERT INTO Notification (notification_id, customer_id, type, content, timestamp) VALUES ('49', '74', 'email', 'information of product is being sent to your email', '2025-05-28 15:10:59');
INSERT INTO Notification (notification_id, customer_id, type, content, timestamp) VALUES ('50', '104', 'email', 'information of product is being sent to your email', '2024-09-21 15:52:35');
INSERT INTO Notification (notification_id, customer_id, type, content, timestamp) VALUES ('51', '82', 'email', 'information of product is being sent to your email', '2024-11-16 12:56:17');
INSERT INTO Notification (notification_id, customer_id, type, content, timestamp) VALUES ('52', '186', 'email', 'information of product is being sent to your email', '2024-08-31 15:07:38');
INSERT INTO Notification (notification_id, customer_id, type, content, timestamp) VALUES ('53', '189', 'email', 'information of product is being sent to your email', '2024-09-30 21:05:34');
INSERT INTO Notification (notification_id, customer_id, type, content, timestamp) VALUES ('54', '195', 'email', 'information of product is being sent to your email', '2024-07-13 00:19:54');
INSERT INTO Notification (notification_id, customer_id, type, content, timestamp) VALUES ('55', '114', 'email', 'information of product is being sent to your email', '2025-05-13 13:57:30');
INSERT INTO Notification (notification_id, customer_id, type, content, timestamp) VALUES ('56', '66', 'email', 'information of product is being sent to your email', '2024-08-14 13:24:28');
INSERT INTO Notification (notification_id, customer_id, type, content, timestamp) VALUES ('57', '94', 'email', 'information of product is being sent to your email', '2024-11-21 20:40:15');
INSERT INTO Notification (notification_id, customer_id, type, content, timestamp) VALUES ('58', '189', 'email', 'information of product is being sent to your email', '2024-08-11 21:51:09');
INSERT INTO Notification (notification_id, customer_id, type, content, timestamp) VALUES ('59', '119', 'email', 'information of product is being sent to your email', '2024-09-06 03:07:24');
INSERT INTO Notification (notification_id, customer_id, type, content, timestamp) VALUES ('60', '76', 'email', 'information of product is being sent to your email', '2025-02-22 02:10:27');
INSERT INTO Notification (notification_id, customer_id, type, content, timestamp) VALUES ('61', '86', 'email', 'information of product is being sent to your email', '2025-03-06 01:24:59');
INSERT INTO Notification (notification_id, customer_id, type, content, timestamp) VALUES ('62', '84', 'email', 'information of product is being sent to your email', '2025-04-25 17:17:57');
INSERT INTO Notification (notification_id, customer_id, type, content, timestamp) VALUES ('63', '45', 'email', 'information of product is being sent to your email', '2024-10-26 21:54:54');
INSERT INTO Notification (notification_id, customer_id, type, content, timestamp) VALUES ('64', '123', 'email', 'information of product is being sent to your email', '2024-06-18 11:49:51');
INSERT INTO Notification (notification_id, customer_id, type, content, timestamp) VALUES ('65', '105', 'email', 'information of product is being sent to your email', '2025-03-01 21:25:02');
INSERT INTO Notification (notification_id, customer_id, type, content, timestamp) VALUES ('66', '128', 'email', 'information of product is being sent to your email', '2024-07-04 01:49:54');
INSERT INTO Notification (notification_id, customer_id, type, content, timestamp) VALUES ('67', '179', 'email', 'information of product is being sent to your email', '2025-05-09 02:52:05');
INSERT INTO Notification (notification_id, customer_id, type, content, timestamp) VALUES ('68', '13', 'email', 'information of product is being sent to your email', '2024-07-13 09:22:58');
INSERT INTO Notification (notification_id, customer_id, type, content, timestamp) VALUES ('69', '65', 'email', 'information of product is being sent to your email', '2025-01-30 23:06:56');
INSERT INTO Notification (notification_id, customer_id, type, content, timestamp) VALUES ('70', '137', 'email', 'information of product is being sent to your email', '2025-04-18 19:51:10');
INSERT INTO Notification (notification_id, customer_id, type, content, timestamp) VALUES ('71', '59', 'email', 'information of product is being sent to your email', '2024-10-16 08:23:15');
INSERT INTO Notification (notification_id, customer_id, type, content, timestamp) VALUES ('72', '51', 'email', 'information of product is being sent to your email', '2025-05-18 07:07:06');
INSERT INTO Notification (notification_id, customer_id, type, content, timestamp) VALUES ('73', '84', 'email', 'information of product is being sent to your email', '2024-12-12 09:52:07');
INSERT INTO Notification (notification_id, customer_id, type, content, timestamp) VALUES ('74', '142', 'email', 'information of product is being sent to your email', '2025-06-01 17:07:57');
INSERT INTO Notification (notification_id, customer_id, type, content, timestamp) VALUES ('75', '16', 'email', 'information of product is being sent to your email', '2025-02-02 04:44:26');
INSERT INTO Notification (notification_id, customer_id, type, content, timestamp) VALUES ('76', '9', 'email', 'information of product is being sent to your email', '2024-06-03 16:11:27');
INSERT INTO Notification (notification_id, customer_id, type, content, timestamp) VALUES ('77', '139', 'email', 'information of product is being sent to your email', '2024-06-27 15:04:43');
INSERT INTO Notification (notification_id, customer_id, type, content, timestamp) VALUES ('78', '1', 'email', 'information of product is being sent to your email', '2024-07-12 23:25:27');
INSERT INTO Notification (notification_id, customer_id, type, content, timestamp) VALUES ('79', '97', 'email', 'information of product is being sent to your email', '2025-02-03 04:43:38');
INSERT INTO Notification (notification_id, customer_id, type, content, timestamp) VALUES ('80', '195', 'email', 'information of product is being sent to your email', '2024-09-21 02:48:42');
INSERT INTO Notification (notification_id, customer_id, type, content, timestamp) VALUES ('81', '165', 'email', 'information of product is being sent to your email', '2024-11-28 06:21:21');
INSERT INTO Notification (notification_id, customer_id, type, content, timestamp) VALUES ('82', '187', 'email', 'information of product is being sent to your email', '2025-05-16 06:49:06');
INSERT INTO Notification (notification_id, customer_id, type, content, timestamp) VALUES ('83', '194', 'email', 'information of product is being sent to your email', '2024-06-05 14:42:54');
INSERT INTO Notification (notification_id, customer_id, type, content, timestamp) VALUES ('84', '168', 'email', 'information of product is being sent to your email', '2024-09-16 05:27:19');
INSERT INTO Notification (notification_id, customer_id, type, content, timestamp) VALUES ('85', '21', 'email', 'information of product is being sent to your email', '2024-06-02 23:53:01');
INSERT INTO Notification (notification_id, customer_id, type, content, timestamp) VALUES ('86', '194', 'email', 'information of product is being sent to your email', '2025-01-11 00:54:57');
INSERT INTO Notification (notification_id, customer_id, type, content, timestamp) VALUES ('87', '67', 'email', 'information of product is being sent to your email', '2024-08-13 00:42:14');
INSERT INTO Notification (notification_id, customer_id, type, content, timestamp) VALUES ('88', '126', 'email', 'information of product is being sent to your email', '2024-07-14 06:15:04');
INSERT INTO Notification (notification_id, customer_id, type, content, timestamp) VALUES ('89', '11', 'email', 'information of product is being sent to your email', '2024-12-13 18:50:12');
INSERT INTO Notification (notification_id, customer_id, type, content, timestamp) VALUES ('90', '5', 'email', 'information of product is being sent to your email', '2024-06-20 00:21:49');
INSERT INTO Notification (notification_id, customer_id, type, content, timestamp) VALUES ('91', '154', 'email', 'information of product is being sent to your email', '2024-09-10 12:14:38');
INSERT INTO Notification (notification_id, customer_id, type, content, timestamp) VALUES ('92', '131', 'email', 'information of product is being sent to your email', '2025-05-09 20:30:25');
INSERT INTO Notification (notification_id, customer_id, type, content, timestamp) VALUES ('93', '149', 'email', 'information of product is being sent to your email', '2025-01-14 07:44:07');
INSERT INTO Notification (notification_id, customer_id, type, content, timestamp) VALUES ('94', '182', 'email', 'information of product is being sent to your email', '2024-07-20 06:58:25');
INSERT INTO Notification (notification_id, customer_id, type, content, timestamp) VALUES ('95', '72', 'email', 'information of product is being sent to your email', '2024-08-18 23:03:25');
INSERT INTO Notification (notification_id, customer_id, type, content, timestamp) VALUES ('96', '84', 'email', 'information of product is being sent to your email', '2025-04-12 04:01:06');
INSERT INTO Notification (notification_id, customer_id, type, content, timestamp) VALUES ('97', '67', 'email', 'information of product is being sent to your email', '2024-10-22 10:36:34');
INSERT INTO Notification (notification_id, customer_id, type, content, timestamp) VALUES ('98', '169', 'email', 'information of product is being sent to your email', '2025-04-09 02:40:23');
INSERT INTO Notification (notification_id, customer_id, type, content, timestamp) VALUES ('99', '108', 'email', 'information of product is being sent to your email', '2024-06-09 23:59:08');
INSERT INTO Notification (notification_id, customer_id, type, content, timestamp) VALUES ('100', '163', 'email', 'information of product is being sent to your email', '2025-03-31 18:53:18');
INSERT INTO Notification (notification_id, customer_id, type, content, timestamp) VALUES ('101', '69', 'email', 'information of product is being sent to your email', '2025-02-01 01:33:43');
INSERT INTO Notification (notification_id, customer_id, type, content, timestamp) VALUES ('102', '131', 'email', 'information of product is being sent to your email', '2025-02-19 02:51:33');
INSERT INTO Notification (notification_id, customer_id, type, content, timestamp) VALUES ('103', '145', 'email', 'information of product is being sent to your email', '2024-09-25 22:23:25');
INSERT INTO Notification (notification_id, customer_id, type, content, timestamp) VALUES ('104', '95', 'email', 'information of product is being sent to your email', '2024-07-21 11:45:45');
INSERT INTO Notification (notification_id, customer_id, type, content, timestamp) VALUES ('105', '48', 'email', 'information of product is being sent to your email', '2024-12-07 01:34:06');
INSERT INTO Notification (notification_id, customer_id, type, content, timestamp) VALUES ('106', '20', 'email', 'information of product is being sent to your email', '2025-03-20 05:19:51');
INSERT INTO Notification (notification_id, customer_id, type, content, timestamp) VALUES ('107', '43', 'email', 'information of product is being sent to your email', '2025-01-10 16:46:57');
INSERT INTO Notification (notification_id, customer_id, type, content, timestamp) VALUES ('108', '174', 'email', 'information of product is being sent to your email', '2025-02-15 23:56:01');
INSERT INTO Notification (notification_id, customer_id, type, content, timestamp) VALUES ('109', '158', 'email', 'information of product is being sent to your email', '2025-05-25 08:26:22');
INSERT INTO Notification (notification_id, customer_id, type, content, timestamp) VALUES ('110', '48', 'email', 'information of product is being sent to your email', '2025-05-16 18:40:18');
INSERT INTO Notification (notification_id, customer_id, type, content, timestamp) VALUES ('111', '70', 'email', 'information of product is being sent to your email', '2024-09-30 13:47:59');
INSERT INTO Notification (notification_id, customer_id, type, content, timestamp) VALUES ('112', '87', 'email', 'information of product is being sent to your email', '2025-04-02 16:03:22');
INSERT INTO Notification (notification_id, customer_id, type, content, timestamp) VALUES ('113', '10', 'email', 'information of product is being sent to your email', '2024-11-30 12:58:37');
INSERT INTO Notification (notification_id, customer_id, type, content, timestamp) VALUES ('114', '96', 'email', 'information of product is being sent to your email', '2025-01-17 22:08:52');
INSERT INTO Notification (notification_id, customer_id, type, content, timestamp) VALUES ('115', '141', 'email', 'information of product is being sent to your email', '2025-03-31 21:16:25');
INSERT INTO Notification (notification_id, customer_id, type, content, timestamp) VALUES ('116', '180', 'email', 'information of product is being sent to your email', '2024-07-08 22:45:05');
INSERT INTO Notification (notification_id, customer_id, type, content, timestamp) VALUES ('117', '158', 'email', 'information of product is being sent to your email', '2025-01-10 21:37:33');
INSERT INTO Notification (notification_id, customer_id, type, content, timestamp) VALUES ('118', '144', 'email', 'information of product is being sent to your email', '2024-09-12 13:12:55');
INSERT INTO Notification (notification_id, customer_id, type, content, timestamp) VALUES ('119', '107', 'email', 'information of product is being sent to your email', '2024-09-21 17:56:37');
INSERT INTO Notification (notification_id, customer_id, type, content, timestamp) VALUES ('120', '131', 'email', 'information of product is being sent to your email', '2025-01-07 08:22:36');
INSERT INTO Notification (notification_id, customer_id, type, content, timestamp) VALUES ('121', '36', 'email', 'information of product is being sent to your email', '2024-06-18 20:14:33');
INSERT INTO Notification (notification_id, customer_id, type, content, timestamp) VALUES ('122', '71', 'email', 'information of product is being sent to your email', '2025-05-20 01:31:12');
INSERT INTO Notification (notification_id, customer_id, type, content, timestamp) VALUES ('123', '195', 'email', 'information of product is being sent to your email', '2024-09-17 03:27:19');
INSERT INTO Notification (notification_id, customer_id, type, content, timestamp) VALUES ('124', '51', 'email', 'information of product is being sent to your email', '2024-08-28 18:05:31');
INSERT INTO Notification (notification_id, customer_id, type, content, timestamp) VALUES ('125', '6', 'email', 'information of product is being sent to your email', '2024-07-27 10:49:06');
INSERT INTO Notification (notification_id, customer_id, type, content, timestamp) VALUES ('126', '124', 'email', 'information of product is being sent to your email', '2024-09-07 05:23:50');
INSERT INTO Notification (notification_id, customer_id, type, content, timestamp) VALUES ('127', '187', 'email', 'information of product is being sent to your email', '2025-02-13 14:40:32');
INSERT INTO Notification (notification_id, customer_id, type, content, timestamp) VALUES ('128', '131', 'email', 'information of product is being sent to your email', '2024-07-13 12:42:43');
INSERT INTO Notification (notification_id, customer_id, type, content, timestamp) VALUES ('129', '156', 'email', 'information of product is being sent to your email', '2025-02-07 16:06:53');
INSERT INTO Notification (notification_id, customer_id, type, content, timestamp) VALUES ('130', '2', 'email', 'information of product is being sent to your email', '2024-07-18 21:21:40');
INSERT INTO Notification (notification_id, customer_id, type, content, timestamp) VALUES ('131', '76', 'email', 'information of product is being sent to your email', '2024-09-30 15:21:23');
INSERT INTO Notification (notification_id, customer_id, type, content, timestamp) VALUES ('132', '49', 'email', 'information of product is being sent to your email', '2024-06-23 13:28:43');
INSERT INTO Notification (notification_id, customer_id, type, content, timestamp) VALUES ('133', '41', 'email', 'information of product is being sent to your email', '2024-11-29 14:41:12');
INSERT INTO Notification (notification_id, customer_id, type, content, timestamp) VALUES ('134', '104', 'email', 'information of product is being sent to your email', '2025-02-22 11:34:19');
INSERT INTO Notification (notification_id, customer_id, type, content, timestamp) VALUES ('135', '127', 'email', 'information of product is being sent to your email', '2025-05-15 00:35:21');
INSERT INTO Notification (notification_id, customer_id, type, content, timestamp) VALUES ('136', '142', 'email', 'information of product is being sent to your email', '2024-07-01 05:36:20');
INSERT INTO Notification (notification_id, customer_id, type, content, timestamp) VALUES ('137', '94', 'email', 'information of product is being sent to your email', '2024-07-14 06:42:39');
INSERT INTO Notification (notification_id, customer_id, type, content, timestamp) VALUES ('138', '139', 'email', 'information of product is being sent to your email', '2024-10-09 11:12:47');
INSERT INTO Notification (notification_id, customer_id, type, content, timestamp) VALUES ('139', '164', 'email', 'information of product is being sent to your email', '2025-04-25 15:52:41');
INSERT INTO Notification (notification_id, customer_id, type, content, timestamp) VALUES ('140', '41', 'email', 'information of product is being sent to your email', '2024-07-05 08:20:49');
INSERT INTO Notification (notification_id, customer_id, type, content, timestamp) VALUES ('141', '148', 'email', 'information of product is being sent to your email', '2024-10-11 21:56:45');
INSERT INTO Notification (notification_id, customer_id, type, content, timestamp) VALUES ('142', '75', 'email', 'information of product is being sent to your email', '2025-01-07 19:59:12');
INSERT INTO Notification (notification_id, customer_id, type, content, timestamp) VALUES ('143', '112', 'email', 'information of product is being sent to your email', '2024-08-19 03:52:47');
INSERT INTO Notification (notification_id, customer_id, type, content, timestamp) VALUES ('144', '84', 'email', 'information of product is being sent to your email', '2024-10-19 09:31:38');
INSERT INTO Notification (notification_id, customer_id, type, content, timestamp) VALUES ('145', '7', 'email', 'information of product is being sent to your email', '2024-10-26 08:08:53');
INSERT INTO Notification (notification_id, customer_id, type, content, timestamp) VALUES ('146', '194', 'email', 'information of product is being sent to your email', '2024-09-05 01:25:14');
INSERT INTO Notification (notification_id, customer_id, type, content, timestamp) VALUES ('147', '82', 'email', 'information of product is being sent to your email', '2025-03-12 09:39:09');
INSERT INTO Notification (notification_id, customer_id, type, content, timestamp) VALUES ('148', '134', 'email', 'information of product is being sent to your email', '2024-08-15 23:31:42');
INSERT INTO Notification (notification_id, customer_id, type, content, timestamp) VALUES ('149', '124', 'email', 'information of product is being sent to your email', '2025-04-20 20:27:06');
INSERT INTO Notification (notification_id, customer_id, type, content, timestamp) VALUES ('150', '27', 'email', 'information of product is being sent to your email', '2025-04-18 01:10:59');
INSERT INTO Notification (notification_id, customer_id, type, content, timestamp) VALUES ('151', '11', 'email', 'information of product is being sent to your email', '2025-03-23 14:40:25');
INSERT INTO Notification (notification_id, customer_id, type, content, timestamp) VALUES ('152', '151', 'email', 'information of product is being sent to your email', '2024-06-26 14:42:54');
INSERT INTO Notification (notification_id, customer_id, type, content, timestamp) VALUES ('153', '77', 'email', 'information of product is being sent to your email', '2025-02-17 02:10:23');
INSERT INTO Notification (notification_id, customer_id, type, content, timestamp) VALUES ('154', '154', 'email', 'information of product is being sent to your email', '2024-12-02 11:20:23');
INSERT INTO Notification (notification_id, customer_id, type, content, timestamp) VALUES ('155', '11', 'email', 'information of product is being sent to your email', '2025-02-20 08:05:06');
INSERT INTO Notification (notification_id, customer_id, type, content, timestamp) VALUES ('156', '169', 'email', 'information of product is being sent to your email', '2025-03-24 19:25:50');
INSERT INTO Notification (notification_id, customer_id, type, content, timestamp) VALUES ('157', '99', 'email', 'information of product is being sent to your email', '2025-02-12 17:05:34');
INSERT INTO Notification (notification_id, customer_id, type, content, timestamp) VALUES ('158', '163', 'email', 'information of product is being sent to your email', '2024-06-13 18:35:37');
INSERT INTO Notification (notification_id, customer_id, type, content, timestamp) VALUES ('159', '34', 'email', 'information of product is being sent to your email', '2024-12-21 23:50:53');
INSERT INTO Notification (notification_id, customer_id, type, content, timestamp) VALUES ('160', '126', 'email', 'information of product is being sent to your email', '2024-10-17 22:55:26');
INSERT INTO Notification (notification_id, customer_id, type, content, timestamp) VALUES ('161', '85', 'email', 'information of product is being sent to your email', '2025-02-03 19:55:33');
INSERT INTO Notification (notification_id, customer_id, type, content, timestamp) VALUES ('162', '64', 'email', 'information of product is being sent to your email', '2025-03-05 18:45:09');
INSERT INTO Notification (notification_id, customer_id, type, content, timestamp) VALUES ('163', '186', 'email', 'information of product is being sent to your email', '2025-03-28 18:51:09');
INSERT INTO Notification (notification_id, customer_id, type, content, timestamp) VALUES ('164', '153', 'email', 'information of product is being sent to your email', '2024-10-18 08:04:31');
INSERT INTO Notification (notification_id, customer_id, type, content, timestamp) VALUES ('165', '103', 'email', 'information of product is being sent to your email', '2025-05-20 10:55:18');
INSERT INTO Notification (notification_id, customer_id, type, content, timestamp) VALUES ('166', '136', 'email', 'information of product is being sent to your email', '2025-03-21 09:04:10');
INSERT INTO Notification (notification_id, customer_id, type, content, timestamp) VALUES ('167', '40', 'email', 'information of product is being sent to your email', '2025-05-16 01:02:16');
INSERT INTO Notification (notification_id, customer_id, type, content, timestamp) VALUES ('168', '70', 'email', 'information of product is being sent to your email', '2025-01-03 12:22:44');
INSERT INTO Notification (notification_id, customer_id, type, content, timestamp) VALUES ('169', '98', 'email', 'information of product is being sent to your email', '2024-08-09 00:20:02');
INSERT INTO Notification (notification_id, customer_id, type, content, timestamp) VALUES ('170', '188', 'email', 'information of product is being sent to your email', '2024-11-23 06:47:23');
INSERT INTO Notification (notification_id, customer_id, type, content, timestamp) VALUES ('171', '197', 'email', 'information of product is being sent to your email', '2025-01-31 20:09:16');
INSERT INTO Notification (notification_id, customer_id, type, content, timestamp) VALUES ('172', '123', 'email', 'information of product is being sent to your email', '2025-05-18 20:25:39');
INSERT INTO Notification (notification_id, customer_id, type, content, timestamp) VALUES ('173', '184', 'email', 'information of product is being sent to your email', '2024-10-21 23:57:52');
INSERT INTO Notification (notification_id, customer_id, type, content, timestamp) VALUES ('174', '154', 'email', 'information of product is being sent to your email', '2025-05-19 02:21:09');
INSERT INTO Notification (notification_id, customer_id, type, content, timestamp) VALUES ('175', '129', 'email', 'information of product is being sent to your email', '2024-07-15 13:18:11');
INSERT INTO Notification (notification_id, customer_id, type, content, timestamp) VALUES ('176', '39', 'email', 'information of product is being sent to your email', '2025-03-02 02:33:07');
INSERT INTO Notification (notification_id, customer_id, type, content, timestamp) VALUES ('177', '42', 'email', 'information of product is being sent to your email', '2024-08-17 13:44:33');
INSERT INTO Notification (notification_id, customer_id, type, content, timestamp) VALUES ('178', '77', 'email', 'information of product is being sent to your email', '2025-05-22 08:12:17');
INSERT INTO Notification (notification_id, customer_id, type, content, timestamp) VALUES ('179', '62', 'email', 'information of product is being sent to your email', '2025-03-11 05:24:41');
INSERT INTO Notification (notification_id, customer_id, type, content, timestamp) VALUES ('180', '179', 'email', 'information of product is being sent to your email', '2025-01-26 14:11:41');
INSERT INTO Notification (notification_id, customer_id, type, content, timestamp) VALUES ('181', '181', 'email', 'information of product is being sent to your email', '2024-09-21 20:57:13');
INSERT INTO Notification (notification_id, customer_id, type, content, timestamp) VALUES ('182', '56', 'email', 'information of product is being sent to your email', '2024-12-17 12:26:14');
INSERT INTO Notification (notification_id, customer_id, type, content, timestamp) VALUES ('183', '134', 'email', 'information of product is being sent to your email', '2025-04-18 18:33:20');
INSERT INTO Notification (notification_id, customer_id, type, content, timestamp) VALUES ('184', '76', 'email', 'information of product is being sent to your email', '2024-07-22 20:29:35');
INSERT INTO Notification (notification_id, customer_id, type, content, timestamp) VALUES ('185', '180', 'email', 'information of product is being sent to your email', '2024-10-07 04:04:02');
INSERT INTO Notification (notification_id, customer_id, type, content, timestamp) VALUES ('186', '136', 'email', 'information of product is being sent to your email', '2024-06-28 06:54:48');
INSERT INTO Notification (notification_id, customer_id, type, content, timestamp) VALUES ('187', '55', 'email', 'information of product is being sent to your email', '2024-07-08 18:07:00');
INSERT INTO Notification (notification_id, customer_id, type, content, timestamp) VALUES ('188', '144', 'email', 'information of product is being sent to your email', '2024-09-18 06:21:30');
INSERT INTO Notification (notification_id, customer_id, type, content, timestamp) VALUES ('189', '114', 'email', 'information of product is being sent to your email', '2025-02-08 15:06:19');
INSERT INTO Notification (notification_id, customer_id, type, content, timestamp) VALUES ('190', '29', 'email', 'information of product is being sent to your email', '2024-09-05 13:32:38');
INSERT INTO Notification (notification_id, customer_id, type, content, timestamp) VALUES ('191', '44', 'email', 'information of product is being sent to your email', '2025-05-09 05:08:59');
INSERT INTO Notification (notification_id, customer_id, type, content, timestamp) VALUES ('192', '10', 'email', 'information of product is being sent to your email', '2024-10-12 06:56:01');
INSERT INTO Notification (notification_id, customer_id, type, content, timestamp) VALUES ('193', '33', 'email', 'information of product is being sent to your email', '2024-08-14 05:06:30');
INSERT INTO Notification (notification_id, customer_id, type, content, timestamp) VALUES ('194', '29', 'email', 'information of product is being sent to your email', '2024-06-14 11:41:14');
INSERT INTO Notification (notification_id, customer_id, type, content, timestamp) VALUES ('195', '43', 'email', 'information of product is being sent to your email', '2024-07-20 06:59:30');
INSERT INTO Notification (notification_id, customer_id, type, content, timestamp) VALUES ('196', '95', 'email', 'information of product is being sent to your email', '2024-06-27 07:30:47');
INSERT INTO Notification (notification_id, customer_id, type, content, timestamp) VALUES ('197', '32', 'email', 'information of product is being sent to your email', '2024-07-21 10:32:20');
INSERT INTO Notification (notification_id, customer_id, type, content, timestamp) VALUES ('198', '190', 'email', 'information of product is being sent to your email', '2024-10-06 11:32:43');
INSERT INTO Notification (notification_id, customer_id, type, content, timestamp) VALUES ('199', '87', 'email', 'information of product is being sent to your email', '2025-05-30 02:03:03');
INSERT INTO Notification (notification_id, customer_id, type, content, timestamp) VALUES ('200', '195', 'email', 'information of product is being sent to your email', '2025-01-28 13:14:56');

INSERT INTO Orders (order_id, customer_id, date, total_amount) VALUES ('1', '171', '2024-08-21 17:04:30', '112');
INSERT INTO Orders (order_id, customer_id, date, total_amount) VALUES ('2', '53', '2024-12-17 12:33:40', '116');
INSERT INTO Orders (order_id, customer_id, date, total_amount) VALUES ('3', '154', '2025-04-30 02:51:56', '57');
INSERT INTO Orders (order_id, customer_id, date, total_amount) VALUES ('4', '123', '2024-08-23 06:20:46', '76');
INSERT INTO Orders (order_id, customer_id, date, total_amount) VALUES ('5', '167', '2024-07-08 12:11:54', '198');
INSERT INTO Orders (order_id, customer_id, date, total_amount) VALUES ('6', '149', '2024-11-11 00:00:58', '128');
INSERT INTO Orders (order_id, customer_id, date, total_amount) VALUES ('7', '198', '2024-09-23 13:14:15', '39');
INSERT INTO Orders (order_id, customer_id, date, total_amount) VALUES ('8', '135', '2025-03-20 08:55:01', '144');
INSERT INTO Orders (order_id, customer_id, date, total_amount) VALUES ('9', '146', '2024-11-08 09:30:40', '130');
INSERT INTO Orders (order_id, customer_id, date, total_amount) VALUES ('10', '90', '2025-04-16 03:23:05', '31');
INSERT INTO Orders (order_id, customer_id, date, total_amount) VALUES ('11', '138', '2024-09-04 03:44:08', '49');
INSERT INTO Orders (order_id, customer_id, date, total_amount) VALUES ('12', '5', '2025-02-14 17:04:30', '172');
INSERT INTO Orders (order_id, customer_id, date, total_amount) VALUES ('13', '46', '2025-04-23 17:18:13', '180');
INSERT INTO Orders (order_id, customer_id, date, total_amount) VALUES ('14', '48', '2024-12-18 23:11:05', '95');
INSERT INTO Orders (order_id, customer_id, date, total_amount) VALUES ('15', '49', '2025-05-14 02:32:29', '195');
INSERT INTO Orders (order_id, customer_id, date, total_amount) VALUES ('16', '5', '2024-12-16 23:50:43', '166');
INSERT INTO Orders (order_id, customer_id, date, total_amount) VALUES ('17', '186', '2024-11-18 19:44:54', '24');
INSERT INTO Orders (order_id, customer_id, date, total_amount) VALUES ('18', '28', '2024-12-26 12:26:44', '127');
INSERT INTO Orders (order_id, customer_id, date, total_amount) VALUES ('19', '58', '2025-04-13 05:23:45', '10');
INSERT INTO Orders (order_id, customer_id, date, total_amount) VALUES ('20', '63', '2024-11-19 06:20:55', '28');
INSERT INTO Orders (order_id, customer_id, date, total_amount) VALUES ('21', '90', '2025-02-18 12:10:27', '95');
INSERT INTO Orders (order_id, customer_id, date, total_amount) VALUES ('22', '14', '2025-02-07 03:27:46', '139');
INSERT INTO Orders (order_id, customer_id, date, total_amount) VALUES ('23', '199', '2025-05-27 13:36:01', '155');
INSERT INTO Orders (order_id, customer_id, date, total_amount) VALUES ('24', '107', '2024-11-22 16:10:28', '155');
INSERT INTO Orders (order_id, customer_id, date, total_amount) VALUES ('25', '73', '2024-06-22 08:56:02', '18');
INSERT INTO Orders (order_id, customer_id, date, total_amount) VALUES ('26', '86', '2024-09-30 18:08:26', '76');
INSERT INTO Orders (order_id, customer_id, date, total_amount) VALUES ('27', '103', '2025-03-12 13:45:15', '1');
INSERT INTO Orders (order_id, customer_id, date, total_amount) VALUES ('28', '102', '2024-06-17 22:33:17', '105');
INSERT INTO Orders (order_id, customer_id, date, total_amount) VALUES ('29', '192', '2025-05-16 15:07:03', '75');
INSERT INTO Orders (order_id, customer_id, date, total_amount) VALUES ('30', '12', '2024-12-04 01:29:40', '15');
INSERT INTO Orders (order_id, customer_id, date, total_amount) VALUES ('31', '194', '2024-12-18 01:45:16', '197');
INSERT INTO Orders (order_id, customer_id, date, total_amount) VALUES ('32', '3', '2024-10-22 22:30:32', '9');
INSERT INTO Orders (order_id, customer_id, date, total_amount) VALUES ('33', '178', '2024-08-03 15:37:58', '147');
INSERT INTO Orders (order_id, customer_id, date, total_amount) VALUES ('34', '154', '2025-05-12 10:35:17', '197');
INSERT INTO Orders (order_id, customer_id, date, total_amount) VALUES ('35', '129', '2024-08-06 22:08:17', '161');
INSERT INTO Orders (order_id, customer_id, date, total_amount) VALUES ('36', '174', '2025-03-11 15:44:55', '150');
INSERT INTO Orders (order_id, customer_id, date, total_amount) VALUES ('37', '55', '2024-11-29 07:06:19', '29');
INSERT INTO Orders (order_id, customer_id, date, total_amount) VALUES ('38', '115', '2024-10-25 15:10:08', '80');
INSERT INTO Orders (order_id, customer_id, date, total_amount) VALUES ('39', '108', '2024-06-27 04:20:38', '130');
INSERT INTO Orders (order_id, customer_id, date, total_amount) VALUES ('40', '90', '2024-09-12 14:18:06', '187');
INSERT INTO Orders (order_id, customer_id, date, total_amount) VALUES ('41', '129', '2024-06-06 14:23:15', '85');
INSERT INTO Orders (order_id, customer_id, date, total_amount) VALUES ('42', '136', '2025-05-07 20:01:48', '61');
INSERT INTO Orders (order_id, customer_id, date, total_amount) VALUES ('43', '127', '2024-12-14 16:56:29', '198');
INSERT INTO Orders (order_id, customer_id, date, total_amount) VALUES ('44', '8', '2024-06-24 02:03:35', '191');
INSERT INTO Orders (order_id, customer_id, date, total_amount) VALUES ('45', '109', '2024-12-20 08:20:48', '63');
INSERT INTO Orders (order_id, customer_id, date, total_amount) VALUES ('46', '14', '2024-08-06 16:56:31', '187');
INSERT INTO Orders (order_id, customer_id, date, total_amount) VALUES ('47', '91', '2024-10-21 08:48:25', '177');
INSERT INTO Orders (order_id, customer_id, date, total_amount) VALUES ('48', '5', '2025-02-16 09:59:25', '177');
INSERT INTO Orders (order_id, customer_id, date, total_amount) VALUES ('49', '188', '2025-04-22 08:40:56', '3');
INSERT INTO Orders (order_id, customer_id, date, total_amount) VALUES ('50', '139', '2025-02-03 18:37:42', '91');
INSERT INTO Orders (order_id, customer_id, date, total_amount) VALUES ('51', '174', '2024-07-19 09:53:00', '128');
INSERT INTO Orders (order_id, customer_id, date, total_amount) VALUES ('52', '182', '2025-05-11 16:55:37', '177');
INSERT INTO Orders (order_id, customer_id, date, total_amount) VALUES ('53', '191', '2024-09-07 15:00:24', '147');
INSERT INTO Orders (order_id, customer_id, date, total_amount) VALUES ('54', '178', '2024-10-14 07:48:53', '38');
INSERT INTO Orders (order_id, customer_id, date, total_amount) VALUES ('55', '158', '2024-06-14 05:49:27', '100');
INSERT INTO Orders (order_id, customer_id, date, total_amount) VALUES ('56', '142', '2024-11-04 20:46:52', '82');
INSERT INTO Orders (order_id, customer_id, date, total_amount) VALUES ('57', '121', '2025-05-13 06:21:46', '70');
INSERT INTO Orders (order_id, customer_id, date, total_amount) VALUES ('58', '35', '2025-02-21 12:02:00', '75');
INSERT INTO Orders (order_id, customer_id, date, total_amount) VALUES ('59', '175', '2024-12-17 11:37:01', '134');
INSERT INTO Orders (order_id, customer_id, date, total_amount) VALUES ('60', '62', '2025-01-24 05:20:10', '171');
INSERT INTO Orders (order_id, customer_id, date, total_amount) VALUES ('61', '105', '2025-05-11 12:47:47', '10');
INSERT INTO Orders (order_id, customer_id, date, total_amount) VALUES ('62', '157', '2024-09-12 18:31:18', '131');
INSERT INTO Orders (order_id, customer_id, date, total_amount) VALUES ('63', '108', '2024-10-07 15:15:27', '85');
INSERT INTO Orders (order_id, customer_id, date, total_amount) VALUES ('64', '2', '2025-04-26 10:41:15', '108');
INSERT INTO Orders (order_id, customer_id, date, total_amount) VALUES ('65', '83', '2024-11-19 03:54:02', '50');
INSERT INTO Orders (order_id, customer_id, date, total_amount) VALUES ('66', '41', '2024-08-13 20:39:05', '161');
INSERT INTO Orders (order_id, customer_id, date, total_amount) VALUES ('67', '130', '2025-04-08 11:14:50', '27');
INSERT INTO Orders (order_id, customer_id, date, total_amount) VALUES ('68', '96', '2024-07-05 10:29:45', '115');
INSERT INTO Orders (order_id, customer_id, date, total_amount) VALUES ('69', '16', '2024-07-04 13:43:58', '22');
INSERT INTO Orders (order_id, customer_id, date, total_amount) VALUES ('70', '4', '2024-12-11 06:52:42', '51');
INSERT INTO Orders (order_id, customer_id, date, total_amount) VALUES ('71', '57', '2024-11-20 15:03:13', '85');
INSERT INTO Orders (order_id, customer_id, date, total_amount) VALUES ('72', '36', '2024-06-12 03:11:24', '17');
INSERT INTO Orders (order_id, customer_id, date, total_amount) VALUES ('73', '3', '2024-07-21 08:27:41', '1');
INSERT INTO Orders (order_id, customer_id, date, total_amount) VALUES ('74', '30', '2025-04-27 09:28:09', '71');
INSERT INTO Orders (order_id, customer_id, date, total_amount) VALUES ('75', '44', '2025-05-17 20:38:52', '106');
INSERT INTO Orders (order_id, customer_id, date, total_amount) VALUES ('76', '25', '2025-04-18 02:01:32', '146');
INSERT INTO Orders (order_id, customer_id, date, total_amount) VALUES ('77', '160', '2025-05-08 16:12:02', '167');
INSERT INTO Orders (order_id, customer_id, date, total_amount) VALUES ('78', '198', '2024-10-09 06:32:41', '177');
INSERT INTO Orders (order_id, customer_id, date, total_amount) VALUES ('79', '190', '2024-10-15 06:56:44', '195');
INSERT INTO Orders (order_id, customer_id, date, total_amount) VALUES ('80', '96', '2025-04-10 20:34:38', '131');
INSERT INTO Orders (order_id, customer_id, date, total_amount) VALUES ('81', '79', '2025-01-17 01:41:08', '99');
INSERT INTO Orders (order_id, customer_id, date, total_amount) VALUES ('82', '105', '2025-05-28 19:05:07', '6');
INSERT INTO Orders (order_id, customer_id, date, total_amount) VALUES ('83', '192', '2025-03-02 13:47:31', '125');
INSERT INTO Orders (order_id, customer_id, date, total_amount) VALUES ('84', '105', '2024-09-14 00:06:04', '184');
INSERT INTO Orders (order_id, customer_id, date, total_amount) VALUES ('85', '82', '2024-07-25 16:00:25', '46');
INSERT INTO Orders (order_id, customer_id, date, total_amount) VALUES ('86', '20', '2025-01-12 12:16:14', '44');
INSERT INTO Orders (order_id, customer_id, date, total_amount) VALUES ('87', '85', '2024-11-18 05:56:23', '144');
INSERT INTO Orders (order_id, customer_id, date, total_amount) VALUES ('88', '146', '2025-03-30 05:31:38', '186');
INSERT INTO Orders (order_id, customer_id, date, total_amount) VALUES ('89', '76', '2024-12-17 15:07:57', '75');
INSERT INTO Orders (order_id, customer_id, date, total_amount) VALUES ('90', '195', '2025-02-26 23:09:38', '181');
INSERT INTO Orders (order_id, customer_id, date, total_amount) VALUES ('91', '42', '2024-06-20 15:01:56', '56');
INSERT INTO Orders (order_id, customer_id, date, total_amount) VALUES ('92', '130', '2024-12-06 00:12:26', '93');
INSERT INTO Orders (order_id, customer_id, date, total_amount) VALUES ('93', '101', '2024-10-14 23:58:38', '127');
INSERT INTO Orders (order_id, customer_id, date, total_amount) VALUES ('94', '175', '2024-10-03 11:40:28', '82');
INSERT INTO Orders (order_id, customer_id, date, total_amount) VALUES ('95', '89', '2024-06-28 20:13:22', '11');
INSERT INTO Orders (order_id, customer_id, date, total_amount) VALUES ('96', '124', '2024-11-21 07:20:37', '98');
INSERT INTO Orders (order_id, customer_id, date, total_amount) VALUES ('97', '195', '2024-11-13 06:41:37', '133');
INSERT INTO Orders (order_id, customer_id, date, total_amount) VALUES ('98', '22', '2025-02-20 06:25:37', '17');
INSERT INTO Orders (order_id, customer_id, date, total_amount) VALUES ('99', '69', '2025-04-21 22:46:36', '111');
INSERT INTO Orders (order_id, customer_id, date, total_amount) VALUES ('100', '174', '2024-11-21 16:13:59', '78');
INSERT INTO Orders (order_id, customer_id, date, total_amount) VALUES ('101', '66', '2024-10-23 22:18:45', '42');
INSERT INTO Orders (order_id, customer_id, date, total_amount) VALUES ('102', '136', '2025-05-15 09:54:16', '158');
INSERT INTO Orders (order_id, customer_id, date, total_amount) VALUES ('103', '192', '2024-08-28 21:51:58', '77');
INSERT INTO Orders (order_id, customer_id, date, total_amount) VALUES ('104', '97', '2025-03-02 17:47:57', '157');
INSERT INTO Orders (order_id, customer_id, date, total_amount) VALUES ('105', '188', '2024-08-20 04:20:23', '6');
INSERT INTO Orders (order_id, customer_id, date, total_amount) VALUES ('106', '196', '2024-09-02 01:13:25', '117');
INSERT INTO Orders (order_id, customer_id, date, total_amount) VALUES ('107', '38', '2025-03-31 10:45:39', '65');
INSERT INTO Orders (order_id, customer_id, date, total_amount) VALUES ('108', '17', '2024-11-30 00:43:23', '134');
INSERT INTO Orders (order_id, customer_id, date, total_amount) VALUES ('109', '144', '2025-01-20 14:04:56', '4');
INSERT INTO Orders (order_id, customer_id, date, total_amount) VALUES ('110', '184', '2024-08-17 18:49:53', '181');
INSERT INTO Orders (order_id, customer_id, date, total_amount) VALUES ('111', '83', '2024-12-19 05:11:46', '194');
INSERT INTO Orders (order_id, customer_id, date, total_amount) VALUES ('112', '200', '2024-08-25 23:22:09', '74');
INSERT INTO Orders (order_id, customer_id, date, total_amount) VALUES ('113', '194', '2024-12-18 20:00:49', '128');
INSERT INTO Orders (order_id, customer_id, date, total_amount) VALUES ('114', '128', '2025-04-22 17:53:54', '141');
INSERT INTO Orders (order_id, customer_id, date, total_amount) VALUES ('115', '117', '2025-03-28 10:09:03', '117');
INSERT INTO Orders (order_id, customer_id, date, total_amount) VALUES ('116', '107', '2024-11-18 18:05:47', '142');
INSERT INTO Orders (order_id, customer_id, date, total_amount) VALUES ('117', '175', '2024-06-02 05:26:50', '107');
INSERT INTO Orders (order_id, customer_id, date, total_amount) VALUES ('118', '145', '2024-07-16 11:03:37', '132');
INSERT INTO Orders (order_id, customer_id, date, total_amount) VALUES ('119', '18', '2024-11-17 03:34:49', '165');
INSERT INTO Orders (order_id, customer_id, date, total_amount) VALUES ('120', '112', '2025-01-30 02:29:25', '79');
INSERT INTO Orders (order_id, customer_id, date, total_amount) VALUES ('121', '180', '2024-06-23 08:21:33', '113');
INSERT INTO Orders (order_id, customer_id, date, total_amount) VALUES ('122', '4', '2024-09-03 12:35:37', '10');
INSERT INTO Orders (order_id, customer_id, date, total_amount) VALUES ('123', '45', '2024-09-02 00:08:16', '12');
INSERT INTO Orders (order_id, customer_id, date, total_amount) VALUES ('124', '116', '2024-09-02 08:32:40', '130');
INSERT INTO Orders (order_id, customer_id, date, total_amount) VALUES ('125', '29', '2024-12-23 20:25:13', '103');
INSERT INTO Orders (order_id, customer_id, date, total_amount) VALUES ('126', '32', '2024-08-19 23:09:01', '189');
INSERT INTO Orders (order_id, customer_id, date, total_amount) VALUES ('127', '3', '2024-10-24 05:47:21', '57');
INSERT INTO Orders (order_id, customer_id, date, total_amount) VALUES ('128', '119', '2025-04-15 19:27:25', '15');
INSERT INTO Orders (order_id, customer_id, date, total_amount) VALUES ('129', '81', '2025-02-11 09:24:36', '144');
INSERT INTO Orders (order_id, customer_id, date, total_amount) VALUES ('130', '62', '2024-09-13 03:33:04', '136');
INSERT INTO Orders (order_id, customer_id, date, total_amount) VALUES ('131', '102', '2024-06-27 18:33:08', '61');
INSERT INTO Orders (order_id, customer_id, date, total_amount) VALUES ('132', '151', '2025-05-28 06:26:35', '91');
INSERT INTO Orders (order_id, customer_id, date, total_amount) VALUES ('133', '32', '2024-09-01 02:35:03', '41');
INSERT INTO Orders (order_id, customer_id, date, total_amount) VALUES ('134', '123', '2024-07-04 06:34:26', '52');
INSERT INTO Orders (order_id, customer_id, date, total_amount) VALUES ('135', '97', '2025-03-05 04:21:46', '138');
INSERT INTO Orders (order_id, customer_id, date, total_amount) VALUES ('136', '103', '2025-04-05 21:11:37', '165');
INSERT INTO Orders (order_id, customer_id, date, total_amount) VALUES ('137', '37', '2025-03-19 18:42:55', '40');
INSERT INTO Orders (order_id, customer_id, date, total_amount) VALUES ('138', '135', '2024-08-20 04:34:57', '169');
INSERT INTO Orders (order_id, customer_id, date, total_amount) VALUES ('139', '101', '2025-01-24 08:38:58', '113');
INSERT INTO Orders (order_id, customer_id, date, total_amount) VALUES ('140', '171', '2025-04-10 00:04:09', '134');
INSERT INTO Orders (order_id, customer_id, date, total_amount) VALUES ('141', '178', '2024-06-19 13:18:22', '170');
INSERT INTO Orders (order_id, customer_id, date, total_amount) VALUES ('142', '6', '2024-08-15 23:36:01', '198');
INSERT INTO Orders (order_id, customer_id, date, total_amount) VALUES ('143', '150', '2024-07-29 21:26:33', '144');
INSERT INTO Orders (order_id, customer_id, date, total_amount) VALUES ('144', '65', '2024-07-25 05:30:11', '55');
INSERT INTO Orders (order_id, customer_id, date, total_amount) VALUES ('145', '181', '2025-04-05 22:30:21', '192');
INSERT INTO Orders (order_id, customer_id, date, total_amount) VALUES ('146', '189', '2025-04-26 02:37:42', '45');
INSERT INTO Orders (order_id, customer_id, date, total_amount) VALUES ('147', '19', '2024-12-11 22:40:06', '33');
INSERT INTO Orders (order_id, customer_id, date, total_amount) VALUES ('148', '7', '2024-06-04 20:45:50', '82');
INSERT INTO Orders (order_id, customer_id, date, total_amount) VALUES ('149', '80', '2024-10-10 09:33:47', '76');
INSERT INTO Orders (order_id, customer_id, date, total_amount) VALUES ('150', '148', '2024-12-12 20:32:26', '175');
INSERT INTO Orders (order_id, customer_id, date, total_amount) VALUES ('151', '156', '2025-02-18 03:06:44', '116');
INSERT INTO Orders (order_id, customer_id, date, total_amount) VALUES ('152', '26', '2025-04-25 00:52:33', '97');
INSERT INTO Orders (order_id, customer_id, date, total_amount) VALUES ('153', '34', '2024-12-14 17:23:31', '64');
INSERT INTO Orders (order_id, customer_id, date, total_amount) VALUES ('154', '157', '2024-08-17 11:44:11', '103');
INSERT INTO Orders (order_id, customer_id, date, total_amount) VALUES ('155', '65', '2025-05-28 18:19:41', '14');
INSERT INTO Orders (order_id, customer_id, date, total_amount) VALUES ('156', '182', '2025-03-25 00:51:30', '182');
INSERT INTO Orders (order_id, customer_id, date, total_amount) VALUES ('157', '165', '2024-06-09 22:59:05', '6');
INSERT INTO Orders (order_id, customer_id, date, total_amount) VALUES ('158', '149', '2024-06-16 15:39:44', '196');
INSERT INTO Orders (order_id, customer_id, date, total_amount) VALUES ('159', '54', '2024-08-02 11:10:18', '19');
INSERT INTO Orders (order_id, customer_id, date, total_amount) VALUES ('160', '162', '2025-01-04 23:39:10', '163');
INSERT INTO Orders (order_id, customer_id, date, total_amount) VALUES ('161', '118', '2025-04-26 22:29:25', '181');
INSERT INTO Orders (order_id, customer_id, date, total_amount) VALUES ('162', '99', '2025-04-26 14:31:28', '13');
INSERT INTO Orders (order_id, customer_id, date, total_amount) VALUES ('163', '7', '2024-06-08 03:32:19', '67');
INSERT INTO Orders (order_id, customer_id, date, total_amount) VALUES ('164', '162', '2024-10-09 05:57:29', '161');
INSERT INTO Orders (order_id, customer_id, date, total_amount) VALUES ('165', '30', '2024-07-27 01:26:18', '191');
INSERT INTO Orders (order_id, customer_id, date, total_amount) VALUES ('166', '189', '2025-05-09 12:14:39', '199');
INSERT INTO Orders (order_id, customer_id, date, total_amount) VALUES ('167', '32', '2024-06-09 13:02:05', '126');
INSERT INTO Orders (order_id, customer_id, date, total_amount) VALUES ('168', '68', '2024-07-09 04:48:50', '192');
INSERT INTO Orders (order_id, customer_id, date, total_amount) VALUES ('169', '21', '2024-10-19 21:03:08', '68');
INSERT INTO Orders (order_id, customer_id, date, total_amount) VALUES ('170', '178', '2025-01-08 18:51:12', '75');
INSERT INTO Orders (order_id, customer_id, date, total_amount) VALUES ('171', '32', '2024-10-19 19:18:28', '35');
INSERT INTO Orders (order_id, customer_id, date, total_amount) VALUES ('172', '145', '2025-05-29 08:28:13', '126');
INSERT INTO Orders (order_id, customer_id, date, total_amount) VALUES ('173', '51', '2024-07-09 19:09:52', '134');
INSERT INTO Orders (order_id, customer_id, date, total_amount) VALUES ('174', '198', '2024-06-03 10:00:51', '7');
INSERT INTO Orders (order_id, customer_id, date, total_amount) VALUES ('175', '177', '2024-08-03 21:25:35', '124');
INSERT INTO Orders (order_id, customer_id, date, total_amount) VALUES ('176', '75', '2024-06-14 05:56:00', '83');
INSERT INTO Orders (order_id, customer_id, date, total_amount) VALUES ('177', '144', '2025-02-10 09:31:27', '6');
INSERT INTO Orders (order_id, customer_id, date, total_amount) VALUES ('178', '32', '2025-03-18 06:22:28', '175');
INSERT INTO Orders (order_id, customer_id, date, total_amount) VALUES ('179', '125', '2025-04-25 10:26:01', '11');
INSERT INTO Orders (order_id, customer_id, date, total_amount) VALUES ('180', '184', '2024-11-01 19:19:49', '194');
INSERT INTO Orders (order_id, customer_id, date, total_amount) VALUES ('181', '117', '2025-02-15 05:35:48', '144');
INSERT INTO Orders (order_id, customer_id, date, total_amount) VALUES ('182', '45', '2024-10-31 01:26:04', '145');
INSERT INTO Orders (order_id, customer_id, date, total_amount) VALUES ('183', '21', '2025-02-12 22:54:41', '130');
INSERT INTO Orders (order_id, customer_id, date, total_amount) VALUES ('184', '161', '2024-10-21 22:14:59', '143');
INSERT INTO Orders (order_id, customer_id, date, total_amount) VALUES ('185', '135', '2025-02-21 17:05:59', '66');
INSERT INTO Orders (order_id, customer_id, date, total_amount) VALUES ('186', '190', '2024-08-24 13:14:08', '151');
INSERT INTO Orders (order_id, customer_id, date, total_amount) VALUES ('187', '145', '2024-10-12 09:17:47', '22');
INSERT INTO Orders (order_id, customer_id, date, total_amount) VALUES ('188', '3', '2024-06-07 04:21:32', '44');
INSERT INTO Orders (order_id, customer_id, date, total_amount) VALUES ('189', '73', '2025-03-18 10:33:56', '49');
INSERT INTO Orders (order_id, customer_id, date, total_amount) VALUES ('190', '42', '2025-04-18 12:33:22', '149');
INSERT INTO Orders (order_id, customer_id, date, total_amount) VALUES ('191', '130', '2025-01-16 21:05:32', '33');
INSERT INTO Orders (order_id, customer_id, date, total_amount) VALUES ('192', '138', '2025-02-14 22:18:20', '5');
INSERT INTO Orders (order_id, customer_id, date, total_amount) VALUES ('193', '101', '2025-03-28 15:57:48', '61');
INSERT INTO Orders (order_id, customer_id, date, total_amount) VALUES ('194', '54', '2024-10-09 15:33:16', '177');
INSERT INTO Orders (order_id, customer_id, date, total_amount) VALUES ('195', '18', '2024-11-16 18:48:36', '79');
INSERT INTO Orders (order_id, customer_id, date, total_amount) VALUES ('196', '162', '2024-08-05 16:43:34', '7');
INSERT INTO Orders (order_id, customer_id, date, total_amount) VALUES ('197', '38', '2025-02-27 16:41:04', '29');
INSERT INTO Orders (order_id, customer_id, date, total_amount) VALUES ('198', '181', '2024-12-30 12:11:13', '44');
INSERT INTO Orders (order_id, customer_id, date, total_amount) VALUES ('199', '126', '2025-03-13 12:51:34', '30');
INSERT INTO Orders (order_id, customer_id, date, total_amount) VALUES ('200', '6', '2025-02-02 17:18:00', '185');

INSERT INTO Orders_Item (order_item_id, order_id, product_id, quantity) VALUES ('1', '82', '169', '141');
INSERT INTO Orders_Item (order_item_id, order_id, product_id, quantity) VALUES ('2', '22', '165', '194');
INSERT INTO Orders_Item (order_item_id, order_id, product_id, quantity) VALUES ('3', '69', '107', '188');
INSERT INTO Orders_Item (order_item_id, order_id, product_id, quantity) VALUES ('4', '70', '135', '200');
INSERT INTO Orders_Item (order_item_id, order_id, product_id, quantity) VALUES ('5', '26', '85', '48');
INSERT INTO Orders_Item (order_item_id, order_id, product_id, quantity) VALUES ('6', '41', '179', '71');
INSERT INTO Orders_Item (order_item_id, order_id, product_id, quantity) VALUES ('7', '80', '163', '70');
INSERT INTO Orders_Item (order_item_id, order_id, product_id, quantity) VALUES ('8', '121', '28', '133');
INSERT INTO Orders_Item (order_item_id, order_id, product_id, quantity) VALUES ('9', '4', '70', '110');
INSERT INTO Orders_Item (order_item_id, order_id, product_id, quantity) VALUES ('10', '60', '164', '72');
INSERT INTO Orders_Item (order_item_id, order_id, product_id, quantity) VALUES ('11', '166', '134', '7');
INSERT INTO Orders_Item (order_item_id, order_id, product_id, quantity) VALUES ('12', '73', '179', '37');
INSERT INTO Orders_Item (order_item_id, order_id, product_id, quantity) VALUES ('13', '26', '113', '70');
INSERT INTO Orders_Item (order_item_id, order_id, product_id, quantity) VALUES ('14', '8', '50', '11');
INSERT INTO Orders_Item (order_item_id, order_id, product_id, quantity) VALUES ('15', '144', '199', '54');
INSERT INTO Orders_Item (order_item_id, order_id, product_id, quantity) VALUES ('16', '170', '32', '190');
INSERT INTO Orders_Item (order_item_id, order_id, product_id, quantity) VALUES ('17', '72', '160', '98');
INSERT INTO Orders_Item (order_item_id, order_id, product_id, quantity) VALUES ('18', '60', '173', '139');
INSERT INTO Orders_Item (order_item_id, order_id, product_id, quantity) VALUES ('19', '151', '4', '9');
INSERT INTO Orders_Item (order_item_id, order_id, product_id, quantity) VALUES ('20', '169', '162', '63');
INSERT INTO Orders_Item (order_item_id, order_id, product_id, quantity) VALUES ('21', '154', '28', '134');
INSERT INTO Orders_Item (order_item_id, order_id, product_id, quantity) VALUES ('22', '31', '79', '99');
INSERT INTO Orders_Item (order_item_id, order_id, product_id, quantity) VALUES ('23', '71', '80', '143');
INSERT INTO Orders_Item (order_item_id, order_id, product_id, quantity) VALUES ('24', '72', '9', '51');
INSERT INTO Orders_Item (order_item_id, order_id, product_id, quantity) VALUES ('25', '169', '81', '14');
INSERT INTO Orders_Item (order_item_id, order_id, product_id, quantity) VALUES ('26', '15', '55', '58');
INSERT INTO Orders_Item (order_item_id, order_id, product_id, quantity) VALUES ('27', '194', '62', '73');
INSERT INTO Orders_Item (order_item_id, order_id, product_id, quantity) VALUES ('28', '163', '153', '63');
INSERT INTO Orders_Item (order_item_id, order_id, product_id, quantity) VALUES ('29', '107', '128', '162');
INSERT INTO Orders_Item (order_item_id, order_id, product_id, quantity) VALUES ('30', '93', '95', '105');
INSERT INTO Orders_Item (order_item_id, order_id, product_id, quantity) VALUES ('31', '159', '134', '36');
INSERT INTO Orders_Item (order_item_id, order_id, product_id, quantity) VALUES ('32', '107', '7', '174');
INSERT INTO Orders_Item (order_item_id, order_id, product_id, quantity) VALUES ('33', '72', '119', '3');
INSERT INTO Orders_Item (order_item_id, order_id, product_id, quantity) VALUES ('34', '124', '105', '21');
INSERT INTO Orders_Item (order_item_id, order_id, product_id, quantity) VALUES ('35', '178', '47', '140');
INSERT INTO Orders_Item (order_item_id, order_id, product_id, quantity) VALUES ('36', '1', '145', '18');
INSERT INTO Orders_Item (order_item_id, order_id, product_id, quantity) VALUES ('37', '43', '50', '169');
INSERT INTO Orders_Item (order_item_id, order_id, product_id, quantity) VALUES ('38', '125', '76', '106');
INSERT INTO Orders_Item (order_item_id, order_id, product_id, quantity) VALUES ('39', '138', '109', '117');
INSERT INTO Orders_Item (order_item_id, order_id, product_id, quantity) VALUES ('40', '85', '103', '176');
INSERT INTO Orders_Item (order_item_id, order_id, product_id, quantity) VALUES ('41', '23', '94', '135');
INSERT INTO Orders_Item (order_item_id, order_id, product_id, quantity) VALUES ('42', '194', '69', '94');
INSERT INTO Orders_Item (order_item_id, order_id, product_id, quantity) VALUES ('43', '44', '59', '66');
INSERT INTO Orders_Item (order_item_id, order_id, product_id, quantity) VALUES ('44', '57', '5', '47');
INSERT INTO Orders_Item (order_item_id, order_id, product_id, quantity) VALUES ('45', '5', '6', '41');
INSERT INTO Orders_Item (order_item_id, order_id, product_id, quantity) VALUES ('46', '26', '87', '53');
INSERT INTO Orders_Item (order_item_id, order_id, product_id, quantity) VALUES ('47', '92', '74', '110');
INSERT INTO Orders_Item (order_item_id, order_id, product_id, quantity) VALUES ('48', '156', '59', '130');
INSERT INTO Orders_Item (order_item_id, order_id, product_id, quantity) VALUES ('49', '127', '70', '120');
INSERT INTO Orders_Item (order_item_id, order_id, product_id, quantity) VALUES ('50', '102', '4', '190');
INSERT INTO Orders_Item (order_item_id, order_id, product_id, quantity) VALUES ('51', '108', '64', '44');
INSERT INTO Orders_Item (order_item_id, order_id, product_id, quantity) VALUES ('52', '31', '140', '31');
INSERT INTO Orders_Item (order_item_id, order_id, product_id, quantity) VALUES ('53', '149', '89', '88');
INSERT INTO Orders_Item (order_item_id, order_id, product_id, quantity) VALUES ('54', '163', '21', '193');
INSERT INTO Orders_Item (order_item_id, order_id, product_id, quantity) VALUES ('55', '104', '108', '133');
INSERT INTO Orders_Item (order_item_id, order_id, product_id, quantity) VALUES ('56', '157', '171', '42');
INSERT INTO Orders_Item (order_item_id, order_id, product_id, quantity) VALUES ('57', '165', '6', '130');
INSERT INTO Orders_Item (order_item_id, order_id, product_id, quantity) VALUES ('58', '125', '149', '96');
INSERT INTO Orders_Item (order_item_id, order_id, product_id, quantity) VALUES ('59', '28', '10', '95');
INSERT INTO Orders_Item (order_item_id, order_id, product_id, quantity) VALUES ('60', '95', '57', '191');
INSERT INTO Orders_Item (order_item_id, order_id, product_id, quantity) VALUES ('61', '195', '41', '97');
INSERT INTO Orders_Item (order_item_id, order_id, product_id, quantity) VALUES ('62', '62', '89', '164');
INSERT INTO Orders_Item (order_item_id, order_id, product_id, quantity) VALUES ('63', '169', '160', '196');
INSERT INTO Orders_Item (order_item_id, order_id, product_id, quantity) VALUES ('64', '103', '79', '91');
INSERT INTO Orders_Item (order_item_id, order_id, product_id, quantity) VALUES ('65', '41', '101', '148');
INSERT INTO Orders_Item (order_item_id, order_id, product_id, quantity) VALUES ('66', '186', '171', '10');
INSERT INTO Orders_Item (order_item_id, order_id, product_id, quantity) VALUES ('67', '90', '136', '183');
INSERT INTO Orders_Item (order_item_id, order_id, product_id, quantity) VALUES ('68', '39', '153', '167');
INSERT INTO Orders_Item (order_item_id, order_id, product_id, quantity) VALUES ('69', '122', '138', '6');
INSERT INTO Orders_Item (order_item_id, order_id, product_id, quantity) VALUES ('70', '148', '143', '20');
INSERT INTO Orders_Item (order_item_id, order_id, product_id, quantity) VALUES ('71', '199', '13', '32');
INSERT INTO Orders_Item (order_item_id, order_id, product_id, quantity) VALUES ('72', '43', '42', '146');
INSERT INTO Orders_Item (order_item_id, order_id, product_id, quantity) VALUES ('73', '143', '89', '186');
INSERT INTO Orders_Item (order_item_id, order_id, product_id, quantity) VALUES ('74', '111', '105', '133');
INSERT INTO Orders_Item (order_item_id, order_id, product_id, quantity) VALUES ('75', '124', '186', '174');
INSERT INTO Orders_Item (order_item_id, order_id, product_id, quantity) VALUES ('76', '16', '38', '127');
INSERT INTO Orders_Item (order_item_id, order_id, product_id, quantity) VALUES ('77', '71', '72', '110');
INSERT INTO Orders_Item (order_item_id, order_id, product_id, quantity) VALUES ('78', '34', '108', '86');
INSERT INTO Orders_Item (order_item_id, order_id, product_id, quantity) VALUES ('79', '157', '61', '85');
INSERT INTO Orders_Item (order_item_id, order_id, product_id, quantity) VALUES ('80', '178', '111', '105');
INSERT INTO Orders_Item (order_item_id, order_id, product_id, quantity) VALUES ('81', '163', '152', '188');
INSERT INTO Orders_Item (order_item_id, order_id, product_id, quantity) VALUES ('82', '194', '39', '158');
INSERT INTO Orders_Item (order_item_id, order_id, product_id, quantity) VALUES ('83', '8', '58', '134');
INSERT INTO Orders_Item (order_item_id, order_id, product_id, quantity) VALUES ('84', '133', '112', '145');
INSERT INTO Orders_Item (order_item_id, order_id, product_id, quantity) VALUES ('85', '123', '147', '140');
INSERT INTO Orders_Item (order_item_id, order_id, product_id, quantity) VALUES ('86', '77', '134', '113');
INSERT INTO Orders_Item (order_item_id, order_id, product_id, quantity) VALUES ('87', '36', '195', '98');
INSERT INTO Orders_Item (order_item_id, order_id, product_id, quantity) VALUES ('88', '11', '6', '46');
INSERT INTO Orders_Item (order_item_id, order_id, product_id, quantity) VALUES ('89', '120', '128', '123');
INSERT INTO Orders_Item (order_item_id, order_id, product_id, quantity) VALUES ('90', '67', '106', '41');
INSERT INTO Orders_Item (order_item_id, order_id, product_id, quantity) VALUES ('91', '21', '169', '188');
INSERT INTO Orders_Item (order_item_id, order_id, product_id, quantity) VALUES ('92', '83', '35', '43');
INSERT INTO Orders_Item (order_item_id, order_id, product_id, quantity) VALUES ('93', '10', '177', '16');
INSERT INTO Orders_Item (order_item_id, order_id, product_id, quantity) VALUES ('94', '123', '170', '33');
INSERT INTO Orders_Item (order_item_id, order_id, product_id, quantity) VALUES ('95', '38', '111', '25');
INSERT INTO Orders_Item (order_item_id, order_id, product_id, quantity) VALUES ('96', '75', '177', '166');
INSERT INTO Orders_Item (order_item_id, order_id, product_id, quantity) VALUES ('97', '199', '61', '59');
INSERT INTO Orders_Item (order_item_id, order_id, product_id, quantity) VALUES ('98', '103', '138', '101');
INSERT INTO Orders_Item (order_item_id, order_id, product_id, quantity) VALUES ('99', '148', '88', '169');
INSERT INTO Orders_Item (order_item_id, order_id, product_id, quantity) VALUES ('100', '166', '125', '159');
INSERT INTO Orders_Item (order_item_id, order_id, product_id, quantity) VALUES ('101', '141', '145', '106');
INSERT INTO Orders_Item (order_item_id, order_id, product_id, quantity) VALUES ('102', '125', '179', '62');
INSERT INTO Orders_Item (order_item_id, order_id, product_id, quantity) VALUES ('103', '68', '1', '113');
INSERT INTO Orders_Item (order_item_id, order_id, product_id, quantity) VALUES ('104', '76', '163', '112');
INSERT INTO Orders_Item (order_item_id, order_id, product_id, quantity) VALUES ('105', '76', '109', '107');
INSERT INTO Orders_Item (order_item_id, order_id, product_id, quantity) VALUES ('106', '39', '44', '178');
INSERT INTO Orders_Item (order_item_id, order_id, product_id, quantity) VALUES ('107', '114', '9', '183');
INSERT INTO Orders_Item (order_item_id, order_id, product_id, quantity) VALUES ('108', '3', '73', '88');
INSERT INTO Orders_Item (order_item_id, order_id, product_id, quantity) VALUES ('109', '120', '63', '8');
INSERT INTO Orders_Item (order_item_id, order_id, product_id, quantity) VALUES ('110', '164', '72', '132');
INSERT INTO Orders_Item (order_item_id, order_id, product_id, quantity) VALUES ('111', '186', '54', '152');
INSERT INTO Orders_Item (order_item_id, order_id, product_id, quantity) VALUES ('112', '69', '178', '148');
INSERT INTO Orders_Item (order_item_id, order_id, product_id, quantity) VALUES ('113', '143', '62', '30');
INSERT INTO Orders_Item (order_item_id, order_id, product_id, quantity) VALUES ('114', '54', '32', '196');
INSERT INTO Orders_Item (order_item_id, order_id, product_id, quantity) VALUES ('115', '79', '195', '32');
INSERT INTO Orders_Item (order_item_id, order_id, product_id, quantity) VALUES ('116', '82', '170', '11');
INSERT INTO Orders_Item (order_item_id, order_id, product_id, quantity) VALUES ('117', '170', '105', '18');
INSERT INTO Orders_Item (order_item_id, order_id, product_id, quantity) VALUES ('118', '91', '79', '19');
INSERT INTO Orders_Item (order_item_id, order_id, product_id, quantity) VALUES ('119', '110', '105', '79');
INSERT INTO Orders_Item (order_item_id, order_id, product_id, quantity) VALUES ('120', '30', '30', '28');
INSERT INTO Orders_Item (order_item_id, order_id, product_id, quantity) VALUES ('121', '11', '132', '45');
INSERT INTO Orders_Item (order_item_id, order_id, product_id, quantity) VALUES ('122', '197', '66', '155');
INSERT INTO Orders_Item (order_item_id, order_id, product_id, quantity) VALUES ('123', '104', '1', '112');
INSERT INTO Orders_Item (order_item_id, order_id, product_id, quantity) VALUES ('124', '123', '173', '155');
INSERT INTO Orders_Item (order_item_id, order_id, product_id, quantity) VALUES ('125', '106', '71', '159');
INSERT INTO Orders_Item (order_item_id, order_id, product_id, quantity) VALUES ('126', '20', '72', '53');
INSERT INTO Orders_Item (order_item_id, order_id, product_id, quantity) VALUES ('127', '132', '34', '16');
INSERT INTO Orders_Item (order_item_id, order_id, product_id, quantity) VALUES ('128', '28', '120', '121');
INSERT INTO Orders_Item (order_item_id, order_id, product_id, quantity) VALUES ('129', '154', '135', '125');
INSERT INTO Orders_Item (order_item_id, order_id, product_id, quantity) VALUES ('130', '42', '140', '142');
INSERT INTO Orders_Item (order_item_id, order_id, product_id, quantity) VALUES ('131', '107', '18', '12');
INSERT INTO Orders_Item (order_item_id, order_id, product_id, quantity) VALUES ('132', '118', '108', '122');
INSERT INTO Orders_Item (order_item_id, order_id, product_id, quantity) VALUES ('133', '157', '196', '134');
INSERT INTO Orders_Item (order_item_id, order_id, product_id, quantity) VALUES ('134', '81', '43', '143');
INSERT INTO Orders_Item (order_item_id, order_id, product_id, quantity) VALUES ('135', '13', '132', '50');
INSERT INTO Orders_Item (order_item_id, order_id, product_id, quantity) VALUES ('136', '131', '78', '109');
INSERT INTO Orders_Item (order_item_id, order_id, product_id, quantity) VALUES ('137', '161', '5', '48');
INSERT INTO Orders_Item (order_item_id, order_id, product_id, quantity) VALUES ('138', '43', '8', '25');
INSERT INTO Orders_Item (order_item_id, order_id, product_id, quantity) VALUES ('139', '82', '42', '88');
INSERT INTO Orders_Item (order_item_id, order_id, product_id, quantity) VALUES ('140', '178', '60', '170');
INSERT INTO Orders_Item (order_item_id, order_id, product_id, quantity) VALUES ('141', '25', '189', '66');
INSERT INTO Orders_Item (order_item_id, order_id, product_id, quantity) VALUES ('142', '196', '140', '39');
INSERT INTO Orders_Item (order_item_id, order_id, product_id, quantity) VALUES ('143', '39', '34', '99');
INSERT INTO Orders_Item (order_item_id, order_id, product_id, quantity) VALUES ('144', '125', '166', '7');
INSERT INTO Orders_Item (order_item_id, order_id, product_id, quantity) VALUES ('145', '153', '42', '135');
INSERT INTO Orders_Item (order_item_id, order_id, product_id, quantity) VALUES ('146', '53', '22', '33');
INSERT INTO Orders_Item (order_item_id, order_id, product_id, quantity) VALUES ('147', '29', '198', '128');
INSERT INTO Orders_Item (order_item_id, order_id, product_id, quantity) VALUES ('148', '128', '144', '146');
INSERT INTO Orders_Item (order_item_id, order_id, product_id, quantity) VALUES ('149', '191', '83', '200');
INSERT INTO Orders_Item (order_item_id, order_id, product_id, quantity) VALUES ('150', '199', '163', '147');
INSERT INTO Orders_Item (order_item_id, order_id, product_id, quantity) VALUES ('151', '42', '190', '155');
INSERT INTO Orders_Item (order_item_id, order_id, product_id, quantity) VALUES ('152', '49', '9', '188');
INSERT INTO Orders_Item (order_item_id, order_id, product_id, quantity) VALUES ('153', '97', '161', '177');
INSERT INTO Orders_Item (order_item_id, order_id, product_id, quantity) VALUES ('154', '37', '34', '106');
INSERT INTO Orders_Item (order_item_id, order_id, product_id, quantity) VALUES ('155', '172', '86', '38');
INSERT INTO Orders_Item (order_item_id, order_id, product_id, quantity) VALUES ('156', '185', '55', '127');
INSERT INTO Orders_Item (order_item_id, order_id, product_id, quantity) VALUES ('157', '48', '111', '62');
INSERT INTO Orders_Item (order_item_id, order_id, product_id, quantity) VALUES ('158', '147', '20', '97');
INSERT INTO Orders_Item (order_item_id, order_id, product_id, quantity) VALUES ('159', '9', '108', '38');
INSERT INTO Orders_Item (order_item_id, order_id, product_id, quantity) VALUES ('160', '167', '169', '52');
INSERT INTO Orders_Item (order_item_id, order_id, product_id, quantity) VALUES ('161', '103', '110', '17');
INSERT INTO Orders_Item (order_item_id, order_id, product_id, quantity) VALUES ('162', '66', '61', '94');
INSERT INTO Orders_Item (order_item_id, order_id, product_id, quantity) VALUES ('163', '79', '178', '40');
INSERT INTO Orders_Item (order_item_id, order_id, product_id, quantity) VALUES ('164', '103', '47', '159');
INSERT INTO Orders_Item (order_item_id, order_id, product_id, quantity) VALUES ('165', '86', '67', '26');
INSERT INTO Orders_Item (order_item_id, order_id, product_id, quantity) VALUES ('166', '92', '26', '178');
INSERT INTO Orders_Item (order_item_id, order_id, product_id, quantity) VALUES ('167', '51', '84', '53');
INSERT INTO Orders_Item (order_item_id, order_id, product_id, quantity) VALUES ('168', '128', '97', '107');
INSERT INTO Orders_Item (order_item_id, order_id, product_id, quantity) VALUES ('169', '2', '80', '47');
INSERT INTO Orders_Item (order_item_id, order_id, product_id, quantity) VALUES ('170', '120', '21', '154');
INSERT INTO Orders_Item (order_item_id, order_id, product_id, quantity) VALUES ('171', '68', '153', '55');
INSERT INTO Orders_Item (order_item_id, order_id, product_id, quantity) VALUES ('172', '193', '28', '13');
INSERT INTO Orders_Item (order_item_id, order_id, product_id, quantity) VALUES ('173', '47', '155', '35');
INSERT INTO Orders_Item (order_item_id, order_id, product_id, quantity) VALUES ('174', '22', '67', '17');
INSERT INTO Orders_Item (order_item_id, order_id, product_id, quantity) VALUES ('175', '74', '172', '139');
INSERT INTO Orders_Item (order_item_id, order_id, product_id, quantity) VALUES ('176', '160', '11', '130');
INSERT INTO Orders_Item (order_item_id, order_id, product_id, quantity) VALUES ('177', '1', '109', '152');
INSERT INTO Orders_Item (order_item_id, order_id, product_id, quantity) VALUES ('178', '3', '134', '172');
INSERT INTO Orders_Item (order_item_id, order_id, product_id, quantity) VALUES ('179', '8', '148', '32');
INSERT INTO Orders_Item (order_item_id, order_id, product_id, quantity) VALUES ('180', '146', '198', '170');
INSERT INTO Orders_Item (order_item_id, order_id, product_id, quantity) VALUES ('181', '62', '53', '127');
INSERT INTO Orders_Item (order_item_id, order_id, product_id, quantity) VALUES ('182', '49', '119', '163');
INSERT INTO Orders_Item (order_item_id, order_id, product_id, quantity) VALUES ('183', '166', '55', '159');
INSERT INTO Orders_Item (order_item_id, order_id, product_id, quantity) VALUES ('184', '192', '153', '25');
INSERT INTO Orders_Item (order_item_id, order_id, product_id, quantity) VALUES ('185', '62', '19', '18');
INSERT INTO Orders_Item (order_item_id, order_id, product_id, quantity) VALUES ('186', '102', '39', '12');
INSERT INTO Orders_Item (order_item_id, order_id, product_id, quantity) VALUES ('187', '105', '28', '125');
INSERT INTO Orders_Item (order_item_id, order_id, product_id, quantity) VALUES ('188', '162', '28', '125');
INSERT INTO Orders_Item (order_item_id, order_id, product_id, quantity) VALUES ('189', '62', '50', '173');
INSERT INTO Orders_Item (order_item_id, order_id, product_id, quantity) VALUES ('190', '97', '93', '160');
INSERT INTO Orders_Item (order_item_id, order_id, product_id, quantity) VALUES ('191', '80', '144', '81');
INSERT INTO Orders_Item (order_item_id, order_id, product_id, quantity) VALUES ('192', '171', '77', '7');
INSERT INTO Orders_Item (order_item_id, order_id, product_id, quantity) VALUES ('193', '157', '35', '112');
INSERT INTO Orders_Item (order_item_id, order_id, product_id, quantity) VALUES ('194', '174', '117', '162');
INSERT INTO Orders_Item (order_item_id, order_id, product_id, quantity) VALUES ('195', '3', '57', '102');
INSERT INTO Orders_Item (order_item_id, order_id, product_id, quantity) VALUES ('196', '30', '91', '31');
INSERT INTO Orders_Item (order_item_id, order_id, product_id, quantity) VALUES ('197', '13', '110', '169');
INSERT INTO Orders_Item (order_item_id, order_id, product_id, quantity) VALUES ('198', '9', '72', '54');
INSERT INTO Orders_Item (order_item_id, order_id, product_id, quantity) VALUES ('199', '169', '131', '103');
INSERT INTO Orders_Item (order_item_id, order_id, product_id, quantity) VALUES ('200', '26', '194', '37');

INSERT INTO Payment (payment_id, order_id, method, amount, date, status) VALUES ('1', '120', 'e-banking', '7675.9', '2024-09-30 06:07:29', 'successfully');
INSERT INTO Payment (payment_id, order_id, method, amount, date, status) VALUES ('2', '11', 'e-banking', '7144.58', '2024-07-13 11:52:58', 'successfully');
INSERT INTO Payment (payment_id, order_id, method, amount, date, status) VALUES ('3', '96', 'e-banking', '3836.17', '2024-08-19 17:35:29', 'successfully');
INSERT INTO Payment (payment_id, order_id, method, amount, date, status) VALUES ('4', '33', 'card', '3540.44', '2024-08-12 09:28:11', 'successfully');
INSERT INTO Payment (payment_id, order_id, method, amount, date, status) VALUES ('5', '96', 'card', '8106.09', '2024-08-22 13:04:42', 'successfully');
INSERT INTO Payment (payment_id, order_id, method, amount, date, status) VALUES ('6', '130', 'e-banking', '2276.1', '2025-05-02 18:27:52', 'successfully');
INSERT INTO Payment (payment_id, order_id, method, amount, date, status) VALUES ('7', '7', 'card', '2017.16', '2025-03-11 23:42:57', 'successfully');
INSERT INTO Payment (payment_id, order_id, method, amount, date, status) VALUES ('8', '4', 'card', '6233.75', '2025-03-17 08:28:01', 'successfully');
INSERT INTO Payment (payment_id, order_id, method, amount, date, status) VALUES ('9', '34', 'e-banking', '1123.41', '2024-07-08 02:41:07', 'successfully');
INSERT INTO Payment (payment_id, order_id, method, amount, date, status) VALUES ('10', '109', 'card', '692.09', '2025-05-09 18:14:46', 'successfully');
INSERT INTO Payment (payment_id, order_id, method, amount, date, status) VALUES ('11', '28', 'card', '4738.62', '2024-08-27 16:50:27', 'successfully');
INSERT INTO Payment (payment_id, order_id, method, amount, date, status) VALUES ('12', '38', 'e-banking', '7844.82', '2025-04-08 18:02:08', 'successfully');
INSERT INTO Payment (payment_id, order_id, method, amount, date, status) VALUES ('13', '115', 'card', '9903.31', '2025-02-09 21:47:35', 'successfully');
INSERT INTO Payment (payment_id, order_id, method, amount, date, status) VALUES ('14', '100', 'card', '9555.18', '2024-12-25 13:16:55', 'successfully');
INSERT INTO Payment (payment_id, order_id, method, amount, date, status) VALUES ('15', '153', 'card', '239.0', '2024-08-04 19:11:23', 'successfully');
INSERT INTO Payment (payment_id, order_id, method, amount, date, status) VALUES ('16', '61', 'card', '3262.82', '2024-12-04 16:24:29', 'successfully');
INSERT INTO Payment (payment_id, order_id, method, amount, date, status) VALUES ('17', '47', 'e-banking', '5717.6', '2024-10-06 08:01:40', 'successfully');
INSERT INTO Payment (payment_id, order_id, method, amount, date, status) VALUES ('18', '81', 'card', '6134.37', '2024-08-16 12:37:05', 'successfully');
INSERT INTO Payment (payment_id, order_id, method, amount, date, status) VALUES ('19', '26', 'card', '4785.84', '2025-01-30 12:44:19', 'successfully');
INSERT INTO Payment (payment_id, order_id, method, amount, date, status) VALUES ('20', '32', 'card', '5807.03', '2024-12-06 18:48:46', 'successfully');
INSERT INTO Payment (payment_id, order_id, method, amount, date, status) VALUES ('21', '4', 'e-banking', '6006.11', '2024-11-27 13:33:22', 'successfully');
INSERT INTO Payment (payment_id, order_id, method, amount, date, status) VALUES ('22', '79', 'e-banking', '707.12', '2024-11-22 05:45:02', 'successfully');
INSERT INTO Payment (payment_id, order_id, method, amount, date, status) VALUES ('23', '49', 'e-banking', '1668.82', '2024-11-07 16:17:35', 'successfully');
INSERT INTO Payment (payment_id, order_id, method, amount, date, status) VALUES ('24', '126', 'card', '554.1', '2024-07-12 05:58:18', 'successfully');
INSERT INTO Payment (payment_id, order_id, method, amount, date, status) VALUES ('25', '90', 'card', '7466.2', '2024-06-09 17:37:18', 'successfully');
INSERT INTO Payment (payment_id, order_id, method, amount, date, status) VALUES ('26', '165', 'card', '2070.49', '2024-12-18 00:25:03', 'successfully');
INSERT INTO Payment (payment_id, order_id, method, amount, date, status) VALUES ('27', '169', 'e-banking', '4105.02', '2025-03-07 13:17:08', 'successfully');
INSERT INTO Payment (payment_id, order_id, method, amount, date, status) VALUES ('28', '51', 'card', '274.47', '2024-11-24 04:48:08', 'successfully');
INSERT INTO Payment (payment_id, order_id, method, amount, date, status) VALUES ('29', '27', 'e-banking', '7049.94', '2025-05-02 07:42:22', 'successfully');
INSERT INTO Payment (payment_id, order_id, method, amount, date, status) VALUES ('30', '78', 'e-banking', '8050.41', '2025-03-31 23:50:10', 'successfully');
INSERT INTO Payment (payment_id, order_id, method, amount, date, status) VALUES ('31', '29', 'card', '1503.49', '2025-04-23 08:44:55', 'successfully');
INSERT INTO Payment (payment_id, order_id, method, amount, date, status) VALUES ('32', '35', 'e-banking', '3759.17', '2025-03-17 12:24:14', 'successfully');
INSERT INTO Payment (payment_id, order_id, method, amount, date, status) VALUES ('33', '177', 'e-banking', '7677.29', '2024-11-21 02:38:05', 'successfully');
INSERT INTO Payment (payment_id, order_id, method, amount, date, status) VALUES ('34', '109', 'card', '4767.78', '2024-07-17 11:04:46', 'successfully');
INSERT INTO Payment (payment_id, order_id, method, amount, date, status) VALUES ('35', '162', 'e-banking', '2020.75', '2025-05-11 01:35:15', 'successfully');
INSERT INTO Payment (payment_id, order_id, method, amount, date, status) VALUES ('36', '57', 'card', '9831.22', '2025-02-21 05:15:14', 'successfully');
INSERT INTO Payment (payment_id, order_id, method, amount, date, status) VALUES ('37', '54', 'e-banking', '5814.37', '2025-03-06 03:52:20', 'successfully');
INSERT INTO Payment (payment_id, order_id, method, amount, date, status) VALUES ('38', '160', 'card', '1016.08', '2025-04-21 02:03:42', 'successfully');
INSERT INTO Payment (payment_id, order_id, method, amount, date, status) VALUES ('39', '137', 'e-banking', '7302.43', '2025-05-12 10:33:48', 'successfully');
INSERT INTO Payment (payment_id, order_id, method, amount, date, status) VALUES ('40', '53', 'card', '4394.55', '2024-06-10 08:25:39', 'successfully');
INSERT INTO Payment (payment_id, order_id, method, amount, date, status) VALUES ('41', '77', 'card', '9034.29', '2024-11-05 23:23:30', 'successfully');
INSERT INTO Payment (payment_id, order_id, method, amount, date, status) VALUES ('42', '70', 'e-banking', '8913.64', '2025-04-23 20:35:50', 'successfully');
INSERT INTO Payment (payment_id, order_id, method, amount, date, status) VALUES ('43', '70', 'e-banking', '9535.81', '2025-03-31 13:50:42', 'successfully');
INSERT INTO Payment (payment_id, order_id, method, amount, date, status) VALUES ('44', '50', 'card', '4038.27', '2025-01-27 08:12:33', 'successfully');
INSERT INTO Payment (payment_id, order_id, method, amount, date, status) VALUES ('45', '137', 'card', '4370.3', '2025-02-02 02:47:30', 'successfully');
INSERT INTO Payment (payment_id, order_id, method, amount, date, status) VALUES ('46', '170', 'card', '2350.87', '2025-04-20 11:47:04', 'successfully');
INSERT INTO Payment (payment_id, order_id, method, amount, date, status) VALUES ('47', '160', 'card', '3245.78', '2025-05-27 16:56:57', 'successfully');
INSERT INTO Payment (payment_id, order_id, method, amount, date, status) VALUES ('48', '32', 'card', '2326.09', '2025-02-26 17:24:53', 'successfully');
INSERT INTO Payment (payment_id, order_id, method, amount, date, status) VALUES ('49', '20', 'e-banking', '8516.78', '2024-11-22 06:35:14', 'successfully');
INSERT INTO Payment (payment_id, order_id, method, amount, date, status) VALUES ('50', '38', 'card', '5236.76', '2025-02-16 23:13:07', 'successfully');
INSERT INTO Payment (payment_id, order_id, method, amount, date, status) VALUES ('51', '30', 'e-banking', '8852.81', '2025-03-05 19:44:57', 'successfully');
INSERT INTO Payment (payment_id, order_id, method, amount, date, status) VALUES ('52', '110', 'card', '5586.44', '2025-03-12 16:07:37', 'successfully');
INSERT INTO Payment (payment_id, order_id, method, amount, date, status) VALUES ('53', '178', 'e-banking', '6406.52', '2025-04-21 00:12:52', 'successfully');
INSERT INTO Payment (payment_id, order_id, method, amount, date, status) VALUES ('54', '198', 'e-banking', '9323.83', '2024-10-29 06:56:00', 'successfully');
INSERT INTO Payment (payment_id, order_id, method, amount, date, status) VALUES ('55', '36', 'e-banking', '9264.82', '2025-03-10 17:29:08', 'successfully');
INSERT INTO Payment (payment_id, order_id, method, amount, date, status) VALUES ('56', '80', 'card', '7107.68', '2025-01-18 06:03:42', 'successfully');
INSERT INTO Payment (payment_id, order_id, method, amount, date, status) VALUES ('57', '14', 'e-banking', '1969.47', '2024-12-26 23:48:38', 'successfully');
INSERT INTO Payment (payment_id, order_id, method, amount, date, status) VALUES ('58', '17', 'card', '781.83', '2025-04-15 01:58:14', 'successfully');
INSERT INTO Payment (payment_id, order_id, method, amount, date, status) VALUES ('59', '113', 'e-banking', '582.37', '2024-12-15 16:18:23', 'successfully');
INSERT INTO Payment (payment_id, order_id, method, amount, date, status) VALUES ('60', '124', 'card', '687.5', '2025-05-25 00:24:51', 'successfully');
INSERT INTO Payment (payment_id, order_id, method, amount, date, status) VALUES ('61', '169', 'card', '4645.93', '2025-03-27 09:13:55', 'successfully');
INSERT INTO Payment (payment_id, order_id, method, amount, date, status) VALUES ('62', '136', 'e-banking', '9626.78', '2025-01-24 06:13:19', 'successfully');
INSERT INTO Payment (payment_id, order_id, method, amount, date, status) VALUES ('63', '199', 'card', '544.26', '2024-06-19 08:51:06', 'successfully');
INSERT INTO Payment (payment_id, order_id, method, amount, date, status) VALUES ('64', '90', 'e-banking', '1529.45', '2025-01-30 22:29:36', 'successfully');
INSERT INTO Payment (payment_id, order_id, method, amount, date, status) VALUES ('65', '34', 'card', '8801.06', '2024-12-12 05:19:07', 'successfully');
INSERT INTO Payment (payment_id, order_id, method, amount, date, status) VALUES ('66', '138', 'card', '1962.39', '2025-05-21 03:50:07', 'successfully');
INSERT INTO Payment (payment_id, order_id, method, amount, date, status) VALUES ('67', '71', 'card', '9530.95', '2024-10-23 15:22:17', 'successfully');
INSERT INTO Payment (payment_id, order_id, method, amount, date, status) VALUES ('68', '114', 'card', '6666.58', '2025-04-20 04:16:55', 'successfully');
INSERT INTO Payment (payment_id, order_id, method, amount, date, status) VALUES ('69', '112', 'card', '2437.95', '2024-07-10 10:54:06', 'successfully');
INSERT INTO Payment (payment_id, order_id, method, amount, date, status) VALUES ('70', '24', 'card', '7497.74', '2024-06-21 18:27:27', 'successfully');
INSERT INTO Payment (payment_id, order_id, method, amount, date, status) VALUES ('71', '39', 'e-banking', '1336.63', '2025-05-10 03:37:15', 'successfully');
INSERT INTO Payment (payment_id, order_id, method, amount, date, status) VALUES ('72', '199', 'card', '8783.23', '2024-08-07 23:17:19', 'successfully');
INSERT INTO Payment (payment_id, order_id, method, amount, date, status) VALUES ('73', '60', 'card', '7502.94', '2024-08-12 19:18:40', 'successfully');
INSERT INTO Payment (payment_id, order_id, method, amount, date, status) VALUES ('74', '47', 'e-banking', '5441.59', '2025-05-17 00:16:34', 'successfully');
INSERT INTO Payment (payment_id, order_id, method, amount, date, status) VALUES ('75', '13', 'e-banking', '1693.58', '2025-04-09 18:43:40', 'successfully');
INSERT INTO Payment (payment_id, order_id, method, amount, date, status) VALUES ('76', '45', 'card', '6754.18', '2024-06-04 15:08:35', 'successfully');
INSERT INTO Payment (payment_id, order_id, method, amount, date, status) VALUES ('77', '119', 'card', '5069.68', '2025-04-28 20:50:19', 'successfully');
INSERT INTO Payment (payment_id, order_id, method, amount, date, status) VALUES ('78', '136', 'card', '9905.74', '2024-07-22 02:28:37', 'successfully');
INSERT INTO Payment (payment_id, order_id, method, amount, date, status) VALUES ('79', '37', 'card', '8141.0', '2024-12-12 14:05:14', 'successfully');
INSERT INTO Payment (payment_id, order_id, method, amount, date, status) VALUES ('80', '155', 'card', '2016.25', '2024-10-29 18:28:35', 'successfully');
INSERT INTO Payment (payment_id, order_id, method, amount, date, status) VALUES ('81', '7', 'card', '2104.76', '2024-07-28 08:16:30', 'successfully');
INSERT INTO Payment (payment_id, order_id, method, amount, date, status) VALUES ('82', '28', 'card', '5880.3', '2025-04-15 16:56:53', 'successfully');
INSERT INTO Payment (payment_id, order_id, method, amount, date, status) VALUES ('83', '98', 'e-banking', '6821.67', '2024-06-25 20:09:53', 'successfully');
INSERT INTO Payment (payment_id, order_id, method, amount, date, status) VALUES ('84', '41', 'e-banking', '4135.21', '2025-02-22 14:56:39', 'successfully');
INSERT INTO Payment (payment_id, order_id, method, amount, date, status) VALUES ('85', '152', 'e-banking', '9128.9', '2025-02-24 16:06:47', 'successfully');
INSERT INTO Payment (payment_id, order_id, method, amount, date, status) VALUES ('86', '176', 'e-banking', '6752.3', '2025-04-03 09:08:02', 'successfully');
INSERT INTO Payment (payment_id, order_id, method, amount, date, status) VALUES ('87', '21', 'e-banking', '4956.68', '2024-10-02 06:59:31', 'successfully');
INSERT INTO Payment (payment_id, order_id, method, amount, date, status) VALUES ('88', '193', 'e-banking', '6216.28', '2025-02-01 09:23:32', 'successfully');
INSERT INTO Payment (payment_id, order_id, method, amount, date, status) VALUES ('89', '17', 'card', '5177.94', '2024-06-30 17:37:04', 'successfully');
INSERT INTO Payment (payment_id, order_id, method, amount, date, status) VALUES ('90', '150', 'card', '7672.66', '2025-05-09 20:36:13', 'successfully');
INSERT INTO Payment (payment_id, order_id, method, amount, date, status) VALUES ('91', '26', 'card', '4266.39', '2025-02-23 04:26:11', 'successfully');
INSERT INTO Payment (payment_id, order_id, method, amount, date, status) VALUES ('92', '32', 'e-banking', '8224.98', '2024-09-13 20:58:31', 'successfully');
INSERT INTO Payment (payment_id, order_id, method, amount, date, status) VALUES ('93', '134', 'e-banking', '1128.58', '2024-08-12 08:21:10', 'successfully');
INSERT INTO Payment (payment_id, order_id, method, amount, date, status) VALUES ('94', '142', 'card', '6349.46', '2024-07-29 15:57:15', 'successfully');
INSERT INTO Payment (payment_id, order_id, method, amount, date, status) VALUES ('95', '21', 'card', '9422.02', '2024-08-30 18:02:18', 'successfully');
INSERT INTO Payment (payment_id, order_id, method, amount, date, status) VALUES ('96', '59', 'e-banking', '4184.91', '2025-03-25 15:21:13', 'successfully');
INSERT INTO Payment (payment_id, order_id, method, amount, date, status) VALUES ('97', '113', 'card', '1365.16', '2024-11-02 20:16:17', 'successfully');
INSERT INTO Payment (payment_id, order_id, method, amount, date, status) VALUES ('98', '50', 'card', '5357.17', '2024-09-29 08:37:18', 'successfully');
INSERT INTO Payment (payment_id, order_id, method, amount, date, status) VALUES ('99', '148', 'e-banking', '697.78', '2025-03-22 18:24:53', 'successfully');
INSERT INTO Payment (payment_id, order_id, method, amount, date, status) VALUES ('100', '188', 'e-banking', '980.24', '2024-12-25 05:15:23', 'successfully');
INSERT INTO Payment (payment_id, order_id, method, amount, date, status) VALUES ('101', '11', 'e-banking', '4121.32', '2024-07-11 21:53:53', 'successfully');
INSERT INTO Payment (payment_id, order_id, method, amount, date, status) VALUES ('102', '134', 'e-banking', '3154.79', '2024-07-20 21:17:43', 'successfully');
INSERT INTO Payment (payment_id, order_id, method, amount, date, status) VALUES ('103', '52', 'e-banking', '8773.94', '2024-06-24 20:08:59', 'successfully');
INSERT INTO Payment (payment_id, order_id, method, amount, date, status) VALUES ('104', '118', 'card', '1164.83', '2025-02-12 22:06:13', 'successfully');
INSERT INTO Payment (payment_id, order_id, method, amount, date, status) VALUES ('105', '121', 'card', '8921.6', '2025-02-24 15:06:10', 'successfully');
INSERT INTO Payment (payment_id, order_id, method, amount, date, status) VALUES ('106', '167', 'e-banking', '3052.06', '2025-01-03 12:20:17', 'successfully');
INSERT INTO Payment (payment_id, order_id, method, amount, date, status) VALUES ('107', '33', 'card', '4937.63', '2024-12-28 10:07:03', 'successfully');
INSERT INTO Payment (payment_id, order_id, method, amount, date, status) VALUES ('108', '102', 'e-banking', '2728.55', '2024-11-12 13:15:35', 'successfully');
INSERT INTO Payment (payment_id, order_id, method, amount, date, status) VALUES ('109', '95', 'card', '1759.01', '2024-10-11 11:32:19', 'successfully');
INSERT INTO Payment (payment_id, order_id, method, amount, date, status) VALUES ('110', '99', 'e-banking', '3140.33', '2025-02-28 15:32:54', 'successfully');
INSERT INTO Payment (payment_id, order_id, method, amount, date, status) VALUES ('111', '39', 'card', '4609.82', '2024-09-26 03:10:35', 'successfully');
INSERT INTO Payment (payment_id, order_id, method, amount, date, status) VALUES ('112', '115', 'e-banking', '7519.77', '2025-04-01 10:52:45', 'successfully');
INSERT INTO Payment (payment_id, order_id, method, amount, date, status) VALUES ('113', '17', 'card', '7717.05', '2025-05-02 09:42:40', 'successfully');
INSERT INTO Payment (payment_id, order_id, method, amount, date, status) VALUES ('114', '142', 'e-banking', '256.31', '2024-08-23 22:51:27', 'successfully');
INSERT INTO Payment (payment_id, order_id, method, amount, date, status) VALUES ('115', '135', 'card', '1680.83', '2024-07-28 21:23:35', 'successfully');
INSERT INTO Payment (payment_id, order_id, method, amount, date, status) VALUES ('116', '171', 'e-banking', '9883.6', '2025-02-04 13:35:21', 'successfully');
INSERT INTO Payment (payment_id, order_id, method, amount, date, status) VALUES ('117', '93', 'e-banking', '3968.45', '2025-02-02 16:42:09', 'successfully');
INSERT INTO Payment (payment_id, order_id, method, amount, date, status) VALUES ('118', '194', 'e-banking', '2421.85', '2025-02-19 15:58:36', 'successfully');
INSERT INTO Payment (payment_id, order_id, method, amount, date, status) VALUES ('119', '178', 'e-banking', '3569.0', '2025-03-16 23:08:01', 'successfully');
INSERT INTO Payment (payment_id, order_id, method, amount, date, status) VALUES ('120', '24', 'card', '5290.01', '2025-04-17 18:19:54', 'successfully');
INSERT INTO Payment (payment_id, order_id, method, amount, date, status) VALUES ('121', '35', 'e-banking', '5890.23', '2025-01-12 12:40:20', 'successfully');
INSERT INTO Payment (payment_id, order_id, method, amount, date, status) VALUES ('122', '86', 'e-banking', '5804.42', '2024-12-23 03:10:39', 'successfully');
INSERT INTO Payment (payment_id, order_id, method, amount, date, status) VALUES ('123', '128', 'e-banking', '5175.9', '2024-07-05 01:09:22', 'successfully');
INSERT INTO Payment (payment_id, order_id, method, amount, date, status) VALUES ('124', '145', 'e-banking', '7864.29', '2024-11-02 08:50:45', 'successfully');
INSERT INTO Payment (payment_id, order_id, method, amount, date, status) VALUES ('125', '6', 'e-banking', '5637.11', '2024-07-30 08:59:26', 'successfully');
INSERT INTO Payment (payment_id, order_id, method, amount, date, status) VALUES ('126', '150', 'e-banking', '9807.38', '2025-04-08 21:33:45', 'successfully');
INSERT INTO Payment (payment_id, order_id, method, amount, date, status) VALUES ('127', '26', 'card', '7519.94', '2025-03-13 18:37:42', 'successfully');
INSERT INTO Payment (payment_id, order_id, method, amount, date, status) VALUES ('128', '185', 'e-banking', '8879.91', '2024-08-26 00:05:18', 'successfully');
INSERT INTO Payment (payment_id, order_id, method, amount, date, status) VALUES ('129', '165', 'card', '5812.47', '2024-08-11 08:02:56', 'successfully');
INSERT INTO Payment (payment_id, order_id, method, amount, date, status) VALUES ('130', '32', 'card', '2456.17', '2024-09-27 04:25:56', 'successfully');
INSERT INTO Payment (payment_id, order_id, method, amount, date, status) VALUES ('131', '106', 'e-banking', '1488.21', '2024-08-02 10:47:52', 'successfully');
INSERT INTO Payment (payment_id, order_id, method, amount, date, status) VALUES ('132', '186', 'e-banking', '9234.2', '2025-01-04 23:37:11', 'successfully');
INSERT INTO Payment (payment_id, order_id, method, amount, date, status) VALUES ('133', '49', 'e-banking', '9039.2', '2024-10-15 23:43:11', 'successfully');
INSERT INTO Payment (payment_id, order_id, method, amount, date, status) VALUES ('134', '124', 'card', '6138.9', '2024-10-02 13:27:32', 'successfully');
INSERT INTO Payment (payment_id, order_id, method, amount, date, status) VALUES ('135', '189', 'e-banking', '9913.19', '2025-01-06 00:29:28', 'successfully');
INSERT INTO Payment (payment_id, order_id, method, amount, date, status) VALUES ('136', '128', 'card', '6708.72', '2025-05-28 14:37:11', 'successfully');
INSERT INTO Payment (payment_id, order_id, method, amount, date, status) VALUES ('137', '36', 'card', '5762.1', '2025-03-16 20:07:04', 'successfully');
INSERT INTO Payment (payment_id, order_id, method, amount, date, status) VALUES ('138', '3', 'e-banking', '9547.02', '2025-01-10 19:28:33', 'successfully');
INSERT INTO Payment (payment_id, order_id, method, amount, date, status) VALUES ('139', '170', 'e-banking', '4395.39', '2025-03-06 21:37:14', 'successfully');
INSERT INTO Payment (payment_id, order_id, method, amount, date, status) VALUES ('140', '3', 'card', '5254.52', '2024-11-06 08:08:21', 'successfully');
INSERT INTO Payment (payment_id, order_id, method, amount, date, status) VALUES ('141', '157', 'card', '1322.59', '2024-08-15 17:07:19', 'successfully');
INSERT INTO Payment (payment_id, order_id, method, amount, date, status) VALUES ('142', '69', 'e-banking', '9001.24', '2025-04-22 05:03:07', 'successfully');
INSERT INTO Payment (payment_id, order_id, method, amount, date, status) VALUES ('143', '88', 'e-banking', '8833.35', '2024-10-02 22:34:57', 'successfully');
INSERT INTO Payment (payment_id, order_id, method, amount, date, status) VALUES ('144', '37', 'e-banking', '5195.75', '2025-03-28 20:29:47', 'successfully');
INSERT INTO Payment (payment_id, order_id, method, amount, date, status) VALUES ('145', '168', 'e-banking', '4031.61', '2024-06-25 19:49:57', 'successfully');
INSERT INTO Payment (payment_id, order_id, method, amount, date, status) VALUES ('146', '29', 'e-banking', '7683.13', '2024-08-19 04:23:30', 'successfully');
INSERT INTO Payment (payment_id, order_id, method, amount, date, status) VALUES ('147', '177', 'card', '4546.84', '2024-07-30 03:03:18', 'successfully');
INSERT INTO Payment (payment_id, order_id, method, amount, date, status) VALUES ('148', '64', 'card', '2626.45', '2024-11-11 05:03:53', 'successfully');
INSERT INTO Payment (payment_id, order_id, method, amount, date, status) VALUES ('149', '10', 'e-banking', '9783.9', '2024-07-24 11:19:13', 'successfully');
INSERT INTO Payment (payment_id, order_id, method, amount, date, status) VALUES ('150', '91', 'e-banking', '812.68', '2024-06-20 08:32:34', 'successfully');
INSERT INTO Payment (payment_id, order_id, method, amount, date, status) VALUES ('151', '50', 'e-banking', '5496.19', '2025-01-22 09:59:30', 'successfully');
INSERT INTO Payment (payment_id, order_id, method, amount, date, status) VALUES ('152', '46', 'e-banking', '5293.19', '2025-05-23 03:38:02', 'successfully');
INSERT INTO Payment (payment_id, order_id, method, amount, date, status) VALUES ('153', '132', 'card', '1018.24', '2025-04-25 03:24:48', 'successfully');
INSERT INTO Payment (payment_id, order_id, method, amount, date, status) VALUES ('154', '63', 'card', '922.37', '2024-11-18 12:05:56', 'successfully');
INSERT INTO Payment (payment_id, order_id, method, amount, date, status) VALUES ('155', '108', 'card', '9286.02', '2024-10-27 05:14:11', 'successfully');
INSERT INTO Payment (payment_id, order_id, method, amount, date, status) VALUES ('156', '174', 'card', '7459.5', '2025-02-10 12:09:07', 'successfully');
INSERT INTO Payment (payment_id, order_id, method, amount, date, status) VALUES ('157', '35', 'card', '5265.28', '2025-04-12 17:16:45', 'successfully');
INSERT INTO Payment (payment_id, order_id, method, amount, date, status) VALUES ('158', '85', 'e-banking', '8407.89', '2024-07-28 04:30:24', 'successfully');
INSERT INTO Payment (payment_id, order_id, method, amount, date, status) VALUES ('159', '74', 'e-banking', '7513.31', '2024-12-25 14:43:53', 'successfully');
INSERT INTO Payment (payment_id, order_id, method, amount, date, status) VALUES ('160', '161', 'e-banking', '1735.8', '2025-04-27 20:11:32', 'successfully');
INSERT INTO Payment (payment_id, order_id, method, amount, date, status) VALUES ('161', '3', 'card', '2219.36', '2024-12-07 21:22:05', 'successfully');
INSERT INTO Payment (payment_id, order_id, method, amount, date, status) VALUES ('162', '80', 'card', '741.95', '2024-06-06 09:05:12', 'successfully');
INSERT INTO Payment (payment_id, order_id, method, amount, date, status) VALUES ('163', '128', 'e-banking', '8153.79', '2024-08-21 00:15:49', 'successfully');
INSERT INTO Payment (payment_id, order_id, method, amount, date, status) VALUES ('164', '11', 'e-banking', '2998.33', '2024-07-06 07:30:15', 'successfully');
INSERT INTO Payment (payment_id, order_id, method, amount, date, status) VALUES ('165', '186', 'e-banking', '2326.04', '2024-11-14 04:47:00', 'successfully');
INSERT INTO Payment (payment_id, order_id, method, amount, date, status) VALUES ('166', '43', 'card', '3093.05', '2024-08-17 19:38:28', 'successfully');
INSERT INTO Payment (payment_id, order_id, method, amount, date, status) VALUES ('167', '114', 'card', '5539.47', '2024-07-30 13:12:31', 'successfully');
INSERT INTO Payment (payment_id, order_id, method, amount, date, status) VALUES ('168', '124', 'card', '6947.23', '2024-08-21 23:01:07', 'successfully');
INSERT INTO Payment (payment_id, order_id, method, amount, date, status) VALUES ('169', '70', 'card', '2637.93', '2024-11-23 01:15:13', 'successfully');
INSERT INTO Payment (payment_id, order_id, method, amount, date, status) VALUES ('170', '199', 'e-banking', '2716.86', '2024-07-01 07:43:00', 'successfully');
INSERT INTO Payment (payment_id, order_id, method, amount, date, status) VALUES ('171', '66', 'card', '5123.32', '2024-09-26 21:58:53', 'successfully');
INSERT INTO Payment (payment_id, order_id, method, amount, date, status) VALUES ('172', '163', 'card', '2838.56', '2025-03-10 10:24:43', 'successfully');
INSERT INTO Payment (payment_id, order_id, method, amount, date, status) VALUES ('173', '66', 'card', '8051.03', '2024-12-18 00:39:41', 'successfully');
INSERT INTO Payment (payment_id, order_id, method, amount, date, status) VALUES ('174', '105', 'e-banking', '9781.18', '2025-03-09 23:12:38', 'successfully');
INSERT INTO Payment (payment_id, order_id, method, amount, date, status) VALUES ('175', '30', 'card', '6980.33', '2024-09-16 05:20:33', 'successfully');
INSERT INTO Payment (payment_id, order_id, method, amount, date, status) VALUES ('176', '171', 'card', '8762.32', '2024-11-15 14:40:43', 'successfully');
INSERT INTO Payment (payment_id, order_id, method, amount, date, status) VALUES ('177', '106', 'e-banking', '8055.17', '2025-03-27 05:46:35', 'successfully');
INSERT INTO Payment (payment_id, order_id, method, amount, date, status) VALUES ('178', '22', 'e-banking', '4018.77', '2025-02-05 15:48:32', 'successfully');
INSERT INTO Payment (payment_id, order_id, method, amount, date, status) VALUES ('179', '60', 'e-banking', '1254.52', '2025-02-13 14:36:53', 'successfully');
INSERT INTO Payment (payment_id, order_id, method, amount, date, status) VALUES ('180', '129', 'card', '4440.28', '2024-10-29 18:12:11', 'successfully');
INSERT INTO Payment (payment_id, order_id, method, amount, date, status) VALUES ('181', '43', 'e-banking', '7442.86', '2024-08-07 22:20:01', 'successfully');
INSERT INTO Payment (payment_id, order_id, method, amount, date, status) VALUES ('182', '192', 'card', '7265.92', '2025-02-16 01:33:25', 'successfully');
INSERT INTO Payment (payment_id, order_id, method, amount, date, status) VALUES ('183', '1', 'card', '2283.18', '2024-07-14 19:03:31', 'successfully');
INSERT INTO Payment (payment_id, order_id, method, amount, date, status) VALUES ('184', '174', 'e-banking', '1398.71', '2025-03-06 05:05:45', 'successfully');
INSERT INTO Payment (payment_id, order_id, method, amount, date, status) VALUES ('185', '153', 'card', '5123.43', '2025-05-06 10:07:45', 'successfully');
INSERT INTO Payment (payment_id, order_id, method, amount, date, status) VALUES ('186', '188', 'card', '3765.92', '2025-04-01 22:35:50', 'successfully');
INSERT INTO Payment (payment_id, order_id, method, amount, date, status) VALUES ('187', '7', 'e-banking', '5400.26', '2024-12-13 11:04:35', 'successfully');
INSERT INTO Payment (payment_id, order_id, method, amount, date, status) VALUES ('188', '186', 'card', '6134.0', '2024-09-26 02:17:16', 'successfully');
INSERT INTO Payment (payment_id, order_id, method, amount, date, status) VALUES ('189', '192', 'e-banking', '8689.79', '2025-04-08 13:07:22', 'successfully');
INSERT INTO Payment (payment_id, order_id, method, amount, date, status) VALUES ('190', '25', 'card', '5407.45', '2024-11-14 16:31:25', 'successfully');
INSERT INTO Payment (payment_id, order_id, method, amount, date, status) VALUES ('191', '200', 'e-banking', '8023.47', '2025-05-23 16:06:14', 'successfully');
INSERT INTO Payment (payment_id, order_id, method, amount, date, status) VALUES ('192', '5', 'e-banking', '5548.03', '2025-01-21 03:36:17', 'successfully');
INSERT INTO Payment (payment_id, order_id, method, amount, date, status) VALUES ('193', '25', 'card', '8745.45', '2024-12-21 15:53:12', 'successfully');
INSERT INTO Payment (payment_id, order_id, method, amount, date, status) VALUES ('194', '163', 'e-banking', '8539.23', '2025-05-27 03:14:18', 'successfully');
INSERT INTO Payment (payment_id, order_id, method, amount, date, status) VALUES ('195', '40', 'card', '7284.91', '2025-03-19 01:28:23', 'successfully');
INSERT INTO Payment (payment_id, order_id, method, amount, date, status) VALUES ('196', '111', 'e-banking', '264.95', '2025-04-05 02:26:11', 'successfully');
INSERT INTO Payment (payment_id, order_id, method, amount, date, status) VALUES ('197', '127', 'card', '4608.42', '2024-06-14 23:37:49', 'successfully');
INSERT INTO Payment (payment_id, order_id, method, amount, date, status) VALUES ('198', '65', 'card', '9392.68', '2025-02-15 21:49:36', 'successfully');
INSERT INTO Payment (payment_id, order_id, method, amount, date, status) VALUES ('199', '192', 'card', '9677.04', '2025-05-16 20:25:30', 'successfully');
INSERT INTO Payment (payment_id, order_id, method, amount, date, status) VALUES ('200', '100', 'e-banking', '8792.8', '2024-07-04 21:26:46', 'successfully');

INSERT INTO Product (product_id, name, description, price, stock, category, image, barcode, serial_number, manufacter) VALUES ('1', 'Nokia X', '32GB storage', '19.99', '50', 'phone', 'image', '1cceafbf-7ac5-41ee-bcb6-67f4485b3d9a', '540-81-9696', 'Franecki-Medhurst');
INSERT INTO Product (product_id, name, description, price, stock, category, image, barcode, serial_number, manufacter) VALUES ('2', 'Nokia 8910', 'Quad-core processor', '5.99', '86', 'phone', 'image', '02d7033f-4f3c-43ee-ac72-0048b48bf58e', '443-76-2226', 'Bruen-Gusikowski');
INSERT INTO Product (product_id, name, description, price, stock, category, image, barcode, serial_number, manufacter) VALUES ('3', 'Samsung Galaxy Note I717', 'Waterproof', '69.99', '7', 'phone', 'image', 'e8ae7580-5a35-4759-a5c0-16f080deb3e7', '602-95-0983', 'Friesen and Sons');
INSERT INTO Product (product_id, name, description, price, stock, category, image, barcode, serial_number, manufacter) VALUES ('4', 'Allview Viva D8', 'dual camera', '2.49', '44', 'phone', 'image', 'aec7a409-5e84-4d90-b53a-b7d9d21dc875', '199-40-0727', 'Kunze-Towne');
INSERT INTO Product (product_id, name, description, price, stock, category, image, barcode, serial_number, manufacter) VALUES ('5', 'ZTE Blade V10', '5.5 inch display', '5.49', '38', 'phone', 'image', '893ab14f-9bb1-4982-becf-783942109c2a', '385-58-6357', 'Baumbach Inc');
INSERT INTO Product (product_id, name, description, price, stock, category, image, barcode, serial_number, manufacter) VALUES ('6', 'Samsung Rex 60 C3312R', '128GB storage', '29.99', '56', 'phone', 'image', 'fc9ad4d8-9d09-4ef2-a4c8-35f78bb26d2d', '410-40-3975', 'O\Conner-Roberts');
INSERT INTO Product (product_id, name, description, price, stock, category, image, barcode, serial_number, manufacter) VALUES ('7', 'HTC One X+', 'Quad-core processor', '19.99', '9', 'phone', 'image', '80c137d9-4017-44a4-9788-e3c5c8be522a', '100-27-0003', 'Armstrong, Upton and Reilly');
INSERT INTO Product (product_id, name, description, price, stock, category, image, barcode, serial_number, manufacter) VALUES ('8', 'Samsung D500', '5 inch display', '39.99', '66', 'phone', 'image', 'c7b90990-d2b8-45f9-9f9c-763515a4c077', '838-98-9528', 'Brown, Price and Schiller');
INSERT INTO Product (product_id, name, description, price, stock, category, image, barcode, serial_number, manufacter) VALUES ('9', 'HTC Desire 516 dual sim', 'fast charging', '20.99', '61', 'phone', 'image', 'e13e3bac-37f2-45c5-9873-30fde42c92b3', '839-23-1957', 'Turner, Hintz and Walsh');
INSERT INTO Product (product_id, name, description, price, stock, category, image, barcode, serial_number, manufacter) VALUES ('10', 'Samsung E690', '32GB storage', '299.99', '84', 'phone', 'image', '239d53d8-4b24-4c47-960a-98f96527ce67', '537-61-6444', 'Hilpert-Christiansen');
INSERT INTO Product (product_id, name, description, price, stock, category, image, barcode, serial_number, manufacter) VALUES ('11', 'Plum Pilot Plus', 'fingerprint sensor', '0.75', '76', 'phone', 'image', 'd021c828-fcaa-4456-a06e-098bd5815909', '546-55-0850', 'Rosenbaum and Sons');
INSERT INTO Product (product_id, name, description, price, stock, category, image, barcode, serial_number, manufacter) VALUES ('12', 'Pantech SKY Izar IM-A630K', 'Metallic finish', '129.99', '51', 'phone', 'image', '77d3f957-da9c-48bd-a1c6-d895e836aded', '700-98-6623', 'Heidenreich-Gibson');
INSERT INTO Product (product_id, name, description, price, stock, category, image, barcode, serial_number, manufacter) VALUES ('13', 'BenQ C36', '5 inch display', '2.39', '90', 'phone', 'image', '246e750c-81fa-480d-9964-5e8da08cde34', '134-09-7212', 'Wisoky-Crooks');
INSERT INTO Product (product_id, name, description, price, stock, category, image, barcode, serial_number, manufacter) VALUES ('14', 'Oppo R601', '5.5 inch display', '19.99', '34', 'phone', 'image', 'c8e058c8-c38d-428c-9f93-0a72dc03fe67', '193-29-8919', 'Bogisich Group');
INSERT INTO Product (product_id, name, description, price, stock, category, image, barcode, serial_number, manufacter) VALUES ('15', 'Google Pixel 3 XL', '6 inch display', '24.99', '87', 'phone', 'image', 'e068bf79-0f36-49de-aafb-16e4132a2f60', '789-29-3813', 'Hansen and Sons');
INSERT INTO Product (product_id, name, description, price, stock, category, image, barcode, serial_number, manufacter) VALUES ('16', 'Meizu Pro 6 Plus', '128GB storage', '44.99', '87', 'phone', 'image', '575ebdb3-32e9-41e9-a948-74e85a3e207c', '755-79-7458', 'Nienow-Dietrich');
INSERT INTO Product (product_id, name, description, price, stock, category, image, barcode, serial_number, manufacter) VALUES ('17', 'Gionee A1 Plus', '5.5 inch display', '29.99', '80', 'phone', 'image', 'dce6ad4d-9c6d-4d48-b561-5de85eb28897', '488-57-4994', 'Treutel Inc');
INSERT INTO Product (product_id, name, description, price, stock, category, image, barcode, serial_number, manufacter) VALUES ('18', 'Sony Ericsson Mix Walkman', 'facial recognition', '49.99', '90', 'phone', 'image', '6bad52a3-19db-4a59-9a8e-1f4cd3b22c51', '186-30-8719', 'Walker, Wiza and Bogisich');
INSERT INTO Product (product_id, name, description, price, stock, category, image, barcode, serial_number, manufacter) VALUES ('19', 'LG X screen', '5.5 inch display', '4.99', '20', 'phone', 'image', '429d429b-368a-4187-88c7-52c63e657747', '759-50-5227', 'Graham-Cronin');
INSERT INTO Product (product_id, name, description, price, stock, category, image, barcode, serial_number, manufacter) VALUES ('20', 'Karbonn KC540 Blaze', '5.5 inch display', '1.99', '55', 'phone', 'image', '4921363a-dddf-45f8-b943-499ada30e2b8', '457-71-8301', 'Quigley Inc');
INSERT INTO Product (product_id, name, description, price, stock, category, image, barcode, serial_number, manufacter) VALUES ('21', 'Lenovo Yoga Tablet 8', '6 inch display', '4.29', '5', 'phone', 'image', '2949d824-d639-4c58-aa88-e99928e303fd', '804-92-3973', 'Wolff-Romaguera');
INSERT INTO Product (product_id, name, description, price, stock, category, image, barcode, serial_number, manufacter) VALUES ('22', 'Nokia 8310', 'expandable storage', '59.99', '44', 'phone', 'image', '10f9da6f-955a-4c74-b72e-93ba819979b4', '662-23-1660', 'Koss, Reinger and Jakubowski');
INSERT INTO Product (product_id, name, description, price, stock, category, image, barcode, serial_number, manufacter) VALUES ('23', 'Bird S1180c', 'dual camera', '89.99', '97', 'phone', 'image', '46e0554c-e2b1-43a0-a36a-73f20674ce42', '659-85-3063', 'Smitham-Langworth');
INSERT INTO Product (product_id, name, description, price, stock, category, image, barcode, serial_number, manufacter) VALUES ('24', 'Parla Zum Bianco', 'dual camera', '99.99', '68', 'phone', 'image', '3edc0095-5885-4566-8b35-c0ef8a884110', '799-72-5128', 'Wisozk, Hilpert and Quitzon');
INSERT INTO Product (product_id, name, description, price, stock, category, image, barcode, serial_number, manufacter) VALUES ('25', 'Nokia N91', 'Metallic finish', '2.99', '18', 'phone', 'image', 'f1858586-2d21-4a46-b4e2-64561d69311d', '682-04-0296', 'Crist-Hilll');
INSERT INTO Product (product_id, name, description, price, stock, category, image, barcode, serial_number, manufacter) VALUES ('26', 'Acer Liquid Jade Z', '5 inch display', '19.99', '87', 'phone', 'image', '8956a7d1-382b-4ed2-8874-3a50bbee14cd', '590-99-8917', 'Abernathy Group');
INSERT INTO Product (product_id, name, description, price, stock, category, image, barcode, serial_number, manufacter) VALUES ('27', 'Celkon C44+', 'Quad-core processor', '4.99', '62', 'phone', 'image', '07be19d2-0154-4efa-97c6-6ec30482c4ea', '224-28-7813', 'Ullrich-Ratke');
INSERT INTO Product (product_id, name, description, price, stock, category, image, barcode, serial_number, manufacter) VALUES ('28', 'Energizer Energy E520 LTE', 'fast charging', '15.99', '99', 'phone', 'image', '7650f009-3be3-495a-b3a5-c7ec4b9a53c1', '886-31-5070', 'Schmitt, Corkery and Keeling');
INSERT INTO Product (product_id, name, description, price, stock, category, image, barcode, serial_number, manufacter) VALUES ('29', 'Kyocera Hydro C5170', 'Quad-core processor', '1.5', '42', 'phone', 'image', 'a2e03c62-3084-4a70-afda-d70772b4717e', '134-87-0817', 'Moen Group');
INSERT INTO Product (product_id, name, description, price, stock, category, image, barcode, serial_number, manufacter) VALUES ('30', 'Sony Ericsson Xperia mini', '5 inch display', '3.49', '50', 'phone', 'image', 'f96b519c-6530-4c7e-8887-67d52d7c5b05', '855-10-4894', 'Kirlin and Sons');
INSERT INTO Product (product_id, name, description, price, stock, category, image, barcode, serial_number, manufacter) VALUES ('31', 'Celkon Millennia Xplore', 'fast charging', '3.49', '34', 'phone', 'image', 'a535d3ab-9529-4bea-9ed8-7b517437e111', '220-84-1814', 'Cronin, Brakus and Beer');
INSERT INTO Product (product_id, name, description, price, stock, category, image, barcode, serial_number, manufacter) VALUES ('32', 'Samsung i710', 'fingerprint sensor', '6.49', '46', 'phone', 'image', '72241a83-e07a-4f34-8ca7-b9c9416e1df5', '254-59-8025', 'Heller-Carter');
INSERT INTO Product (product_id, name, description, price, stock, category, image, barcode, serial_number, manufacter) VALUES ('33', 'Infinix Hot 5 Lite', 'Metallic finish', '4.89', '65', 'phone', 'image', 'ab1ab6f3-7af2-46e2-8308-b24023773588', '682-88-9692', 'Jacobi Group');
INSERT INTO Product (product_id, name, description, price, stock, category, image, barcode, serial_number, manufacter) VALUES ('34', 'verykool s5025 Helix', '5.5 inch display', '5.49', '73', 'phone', 'image', '2ca1d9e5-8020-47d5-a467-c048fe8ec801', '183-25-9754', 'Mraz-Yost');
INSERT INTO Product (product_id, name, description, price, stock, category, image, barcode, serial_number, manufacter) VALUES ('35', 'Samsung Galaxy Tab A 9.7', 'dual camera', '8.99', '41', 'phone', 'image', 'ed952f82-cd7d-4d4a-b6af-44ddd248ce02', '440-59-7901', 'Casper Inc');
INSERT INTO Product (product_id, name, description, price, stock, category, image, barcode, serial_number, manufacter) VALUES ('36', 'Motorola C975', 'Metallic finish', '4.99', '31', 'phone', 'image', '70746db2-5659-496b-b66c-83ff167364f7', '569-80-6917', 'Shanahan-Crona');
INSERT INTO Product (product_id, name, description, price, stock, category, image, barcode, serial_number, manufacter) VALUES ('37', 'NEC N500iS', '5 inch display', '49.99', '24', 'phone', 'image', 'fc72a4ec-3acf-4bab-9a81-7c4153a8fff7', '319-72-3338', 'Sporer LLC');
INSERT INTO Product (product_id, name, description, price, stock, category, image, barcode, serial_number, manufacter) VALUES ('38', 'Sagem MY C-3b', '5.5 inch display', '19.99', '73', 'phone', 'image', 'e6721ad4-33b8-4525-977b-c499e0c127ef', '463-05-8987', 'Johns, Zemlak and Kirlin');
INSERT INTO Product (product_id, name, description, price, stock, category, image, barcode, serial_number, manufacter) VALUES ('39', 'LG Optimus F6', 'expandable storage', '8.49', '39', 'phone', 'image', '4de57f83-8d3f-4a9a-823f-db358a1e701d', '834-03-3645', 'Schaefer, Monahan and Yundt');
INSERT INTO Product (product_id, name, description, price, stock, category, image, barcode, serial_number, manufacter) VALUES ('40', 'Karbonn S9 Titanium', '6 inch display', '29.99', '25', 'phone', 'image', 'af4a537f-0b96-4bd8-90cd-e1d8b9fb7a96', '625-07-6802', 'Stracke LLC');
INSERT INTO Product (product_id, name, description, price, stock, category, image, barcode, serial_number, manufacter) VALUES ('41', 'Xiaomi Mi 9 Pro 5G', '32GB storage', '199.99', '90', 'phone', 'image', 'e47e435d-eabc-4d5d-abe1-00be0d07484c', '573-17-7207', 'Bartell, Wolff and Schultz');
INSERT INTO Product (product_id, name, description, price, stock, category, image, barcode, serial_number, manufacter) VALUES ('42', 'Sony Ericsson W880', '128GB storage', '27.99', '92', 'phone', 'image', '9d677e1a-8952-4622-b9ad-666668783b6c', '156-43-7445', 'Schroeder Inc');
INSERT INTO Product (product_id, name, description, price, stock, category, image, barcode, serial_number, manufacter) VALUES ('43', 'Oppo Find', 'fingerprint sensor', '12.99', '84', 'phone', 'image', 'adbca123-5382-4ee4-9200-6f61a952c113', '318-64-2332', 'Becker Inc');
INSERT INTO Product (product_id, name, description, price, stock, category, image, barcode, serial_number, manufacter) VALUES ('44', 'Samsung DoubleTime I857', 'fingerprint sensor', '2.29', '13', 'phone', 'image', '29cad247-d197-4de1-bc63-76bff2f12bd4', '335-42-4219', 'Jenkins-Stamm');
INSERT INTO Product (product_id, name, description, price, stock, category, image, barcode, serial_number, manufacter) VALUES ('45', 'Prestigio MultiPad 10.1 Ultimate', '128GB storage', '39.99', '41', 'phone', 'image', '009e5952-d8d6-477f-878a-8c29be3cbf61', '871-72-6096', 'Gerhold-Hyatt');
INSERT INTO Product (product_id, name, description, price, stock, category, image, barcode, serial_number, manufacter) VALUES ('46', 'Allview V2 Viper i4G', '5.5 inch display', '22.99', '8', 'phone', 'image', '528f7985-b5a2-478a-b178-5ec005d25582', '148-69-5039', 'Blick LLC');
INSERT INTO Product (product_id, name, description, price, stock, category, image, barcode, serial_number, manufacter) VALUES ('47', 'Xiaomi Mi Pad 4', 'Quad-core processor', '39.99', '30', 'phone', 'image', '403caa0d-ca66-4685-b1b3-c0d1fc68441f', '444-99-0707', 'Stiedemann-Roberts');
INSERT INTO Product (product_id, name, description, price, stock, category, image, barcode, serial_number, manufacter) VALUES ('48', 'Micromax X1i plus', 'Slim design', '29.99', '47', 'phone', 'image', '24a19a01-a7dc-4bc9-9d18-e77ed5a7d9a5', '179-41-9536', 'Brown-Casper');
INSERT INTO Product (product_id, name, description, price, stock, category, image, barcode, serial_number, manufacter) VALUES ('49', 'Yezz Classic CC10', 'Slim design', '29.99', '66', 'phone', 'image', '5e04dca6-09ee-49b9-b622-251c3bf2ff19', '389-11-9442', 'Quigley-Abernathy');
INSERT INTO Product (product_id, name, description, price, stock, category, image, barcode, serial_number, manufacter) VALUES ('50', 'Pantech PG-6200', '64GB storage', '29.99', '67', 'phone', 'image', 'd3f80c60-5b83-440d-9148-bd07904d2c21', '362-45-0716', 'Batz, Littel and Stokes');
INSERT INTO Product (product_id, name, description, price, stock, category, image, barcode, serial_number, manufacter) VALUES ('51', 'VK Mobile VK1020', 'facial recognition', '3.99', '72', 'phone', 'image', '1450176f-8ba5-4d86-bb2a-198259d81447', '462-70-0776', 'Torphy Group');
INSERT INTO Product (product_id, name, description, price, stock, category, image, barcode, serial_number, manufacter) VALUES ('52', 'Sony Ericsson J300', '5.5 inch display', '29.99', '3', 'phone', 'image', 'cf8866f3-f569-4506-9f09-61ac7b1885d6', '543-07-9663', 'Lubowitz and Sons');
INSERT INTO Product (product_id, name, description, price, stock, category, image, barcode, serial_number, manufacter) VALUES ('53', 'Sharp 940SH', 'Quad-core processor', '6.49', '31', 'phone', 'image', 'df71f336-31a1-48f1-975c-9bd832b0a73b', '468-46-9815', 'Kunde, Stamm and Jaskolski');
INSERT INTO Product (product_id, name, description, price, stock, category, image, barcode, serial_number, manufacter) VALUES ('54', 'Samsung A637', '32GB storage', '6.49', '66', 'phone', 'image', '6c12e48d-35bd-47e8-9c47-817f3261040b', '412-16-3248', 'Fadel, Kling and Kshlerin');
INSERT INTO Product (product_id, name, description, price, stock, category, image, barcode, serial_number, manufacter) VALUES ('55', 'Xiaomi Redmi Note Prime', 'facial recognition', '89.99', '36', 'phone', 'image', '8ee0a084-7796-4378-adfb-152fdc30a895', '292-25-2403', 'Haley LLC');
INSERT INTO Product (product_id, name, description, price, stock, category, image, barcode, serial_number, manufacter) VALUES ('56', 'Celkon C339', 'Metallic finish', '6.99', '75', 'phone', 'image', '48cf3e97-3049-4602-8054-ddb0260e34f0', '276-38-3337', 'Gottlieb, Reynolds and Murazik');
INSERT INTO Product (product_id, name, description, price, stock, category, image, barcode, serial_number, manufacter) VALUES ('57', 'Nokia 6510', '64GB storage', '24.99', '84', 'phone', 'image', '066b506d-3bc0-48f5-bb43-27fca1e9799f', '117-62-4842', 'Connelly Inc');
INSERT INTO Product (product_id, name, description, price, stock, category, image, barcode, serial_number, manufacter) VALUES ('58', 'Spice Mi-356 Smart Flo Mettle 3.5X', 'expandable storage', '22.99', '37', 'phone', 'image', '20d83f81-b259-4d51-8a43-b47f0f0b84d1', '869-65-8698', 'Zemlak Inc');
INSERT INTO Product (product_id, name, description, price, stock, category, image, barcode, serial_number, manufacter) VALUES ('59', 'HTC Desire 19+', 'fingerprint sensor', '34.99', '73', 'phone', 'image', 'def7a5ed-e9b3-42d1-9412-7ec3e6e99616', '264-67-5193', 'Mills, Gutmann and Kozey');
INSERT INTO Product (product_id, name, description, price, stock, category, image, barcode, serial_number, manufacter) VALUES ('60', 'Wiko Sunny2 Plus', 'Slim design', '69.99', '15', 'phone', 'image', 'ffa1408b-259b-4aa5-9f74-ee792ede2572', '299-06-4972', 'Jacobs-DuBuque');
INSERT INTO Product (product_id, name, description, price, stock, category, image, barcode, serial_number, manufacter) VALUES ('61', 'Allview X4 Soul Vision', '32GB storage', '29.99', '29', 'phone', 'image', '29e4d8b9-908c-4296-a693-188a60096719', '877-52-2902', 'Feil-Lind');
INSERT INTO Product (product_id, name, description, price, stock, category, image, barcode, serial_number, manufacter) VALUES ('62', 'HP iPAQ hw6515', 'Waterproof', '1.29', '92', 'phone', 'image', 'a5af717e-e788-4ade-8f6c-6190b693387e', '252-61-4721', 'Bins and Sons');
INSERT INTO Product (product_id, name, description, price, stock, category, image, barcode, serial_number, manufacter) VALUES ('63', 'LG KH5200 Andro-1', 'fast charging', '59.99', '68', 'phone', 'image', '5436e08b-c48f-4358-8d4a-359057b8c0bc', '126-04-8831', 'Kub, Kovacek and Leuschke');
INSERT INTO Product (product_id, name, description, price, stock, category, image, barcode, serial_number, manufacter) VALUES ('64', 'VK Mobile VK300', 'facial recognition', '19.99', '60', 'phone', 'image', '62c91d1d-02b6-42c4-9229-bd8b538af867', '187-92-5025', 'Lemke-Champlin');
INSERT INTO Product (product_id, name, description, price, stock, category, image, barcode, serial_number, manufacter) VALUES ('65', 'vivo X60 Pro (China)', '5 inch display', '24.99', '12', 'phone', 'image', '11f46cc3-5c4b-4ac7-88fb-40c8070314e8', '385-66-5402', 'Schneider and Sons');
INSERT INTO Product (product_id, name, description, price, stock, category, image, barcode, serial_number, manufacter) VALUES ('66', 'Karbonn A34', '6 inch display', '2.99', '95', 'phone', 'image', '814ba042-e6e6-47d3-9886-10d7b799e289', '746-23-1924', 'Lehner, Boehm and Frami');
INSERT INTO Product (product_id, name, description, price, stock, category, image, barcode, serial_number, manufacter) VALUES ('67', 'Motorola RAZR M XT905', '64GB storage', '59.99', '29', 'phone', 'image', '14a3404c-996d-4743-994f-f8d65ac820ee', '370-44-3945', 'Ebert-Swaniawski');
INSERT INTO Product (product_id, name, description, price, stock, category, image, barcode, serial_number, manufacter) VALUES ('68', 'Motorola W215', '64GB storage', '39.99', '75', 'phone', 'image', 'd5341e91-f029-46d5-ab53-0a5d4a005f56', '201-68-0381', 'Hane-Greenfelder');
INSERT INTO Product (product_id, name, description, price, stock, category, image, barcode, serial_number, manufacter) VALUES ('69', 'Allview A6 Quad', 'fingerprint sensor', '34.99', '74', 'phone', 'image', '4e73c52c-4ec7-4ebb-9728-669c41f8a50e', '115-47-5342', 'Goldner Inc');
INSERT INTO Product (product_id, name, description, price, stock, category, image, barcode, serial_number, manufacter) VALUES ('70', 'Sagem VS1', 'facial recognition', '39.99', '97', 'phone', 'image', '1aeba143-3ca7-4d25-838f-468acc6566ba', '719-86-9133', 'Effertz-Schamberger');
INSERT INTO Product (product_id, name, description, price, stock, category, image, barcode, serial_number, manufacter) VALUES ('71', 'Xiaomi Black Shark 2', 'Metallic finish', '4.49', '15', 'phone', 'image', '9ebadcea-d5c9-41bf-9afa-cfc11e4f60cc', '474-04-5837', 'Gerhold, Brekke and Weissnat');
INSERT INTO Product (product_id, name, description, price, stock, category, image, barcode, serial_number, manufacter) VALUES ('72', 'Micromax Funbook Talk P360', 'Slim design', '7.19', '27', 'phone', 'image', '9d8d9473-e4f3-4039-b5a6-2b849da694f9', '391-07-9092', 'Cronin LLC');
INSERT INTO Product (product_id, name, description, price, stock, category, image, barcode, serial_number, manufacter) VALUES ('73', 'Samsung Galaxy I8250', 'expandable storage', '25.99', '41', 'phone', 'image', '68ea1b6c-c68a-4599-bb13-3c2b736b4a72', '352-80-0182', 'Schuster and Sons');
INSERT INTO Product (product_id, name, description, price, stock, category, image, barcode, serial_number, manufacter) VALUES ('74', 'LG Vortex VS660', 'Metallic finish', '3.99', '96', 'phone', 'image', 'f4eafb76-c8a4-4264-81d6-1b2ab64f6ccf', '708-25-9053', 'Adams and Sons');
INSERT INTO Product (product_id, name, description, price, stock, category, image, barcode, serial_number, manufacter) VALUES ('75', 'Telit NEO', '128GB storage', '2.99', '64', 'phone', 'image', '45e0f83b-a39a-4256-ada6-759e0a1ec975', '718-49-1590', 'Blick-Schowalter');
INSERT INTO Product (product_id, name, description, price, stock, category, image, barcode, serial_number, manufacter) VALUES ('76', 'Samsung Galaxy Tab Pro 10.1', 'Slim design', '39.99', '61', 'phone', 'image', '93cc00a5-22ff-40cd-b199-439c5f5db483', '751-29-2512', 'Willms-Bogan');
INSERT INTO Product (product_id, name, description, price, stock, category, image, barcode, serial_number, manufacter) VALUES ('77', 'Plum Axe Plus', 'dual camera', '2.99', '99', 'phone', 'image', 'bbf93b6d-7cdf-4d82-be7e-eba6e18d0519', '658-26-9729', 'Bode-Ullrich');
INSERT INTO Product (product_id, name, description, price, stock, category, image, barcode, serial_number, manufacter) VALUES ('78', 'Karbonn KT21 Express', '5.5 inch display', '2.49', '50', 'phone', 'image', '9fcfa2d8-b27b-490e-9e5b-7ef3961a11f0', '562-45-0892', 'Bernhard-Torphy');
INSERT INTO Product (product_id, name, description, price, stock, category, image, barcode, serial_number, manufacter) VALUES ('79', 'Motorola W233 Renew', 'facial recognition', '2.99', '48', 'phone', 'image', '8095055c-c600-4365-a027-40928dfee8e4', '607-75-7112', 'Bednar, Strosin and Gislason');
INSERT INTO Product (product_id, name, description, price, stock, category, image, barcode, serial_number, manufacter) VALUES ('80', 'verykool R25', 'Slim design', '4.99', '54', 'phone', 'image', '40e50395-cfbc-425a-a8e3-b67924f17f8a', '884-38-7823', 'Gusikowski-Zulauf');
INSERT INTO Product (product_id, name, description, price, stock, category, image, barcode, serial_number, manufacter) VALUES ('81', 'alcatel 2007', 'facial recognition', '7.99', '35', 'phone', 'image', '1400a2d2-1e9a-43a3-8082-489f3ea715cb', '124-93-2161', 'Pacocha, Schaden and Rowe');
INSERT INTO Product (product_id, name, description, price, stock, category, image, barcode, serial_number, manufacter) VALUES ('82', 'Lava A55', '5 inch display', '2.29', '36', 'phone', 'image', 'c70b9739-3057-4eb8-98b1-01aeba6f42b1', '681-01-5623', 'Shields Group');
INSERT INTO Product (product_id, name, description, price, stock, category, image, barcode, serial_number, manufacter) VALUES ('83', 'Huawei MediaPad T1 8.0', 'Slim design', '3.49', '96', 'phone', 'image', 'c9c0fe81-9152-47c5-ada3-2a874bd425db', '824-70-5954', 'Hickle and Sons');
INSERT INTO Product (product_id, name, description, price, stock, category, image, barcode, serial_number, manufacter) VALUES ('84', 'Asus PadFone X', 'Quad-core processor', '8.99', '70', 'phone', 'image', '49e04ff6-03c6-414e-ac6c-27222759c674', '736-39-2942', 'Christiansen-Erdman');
INSERT INTO Product (product_id, name, description, price, stock, category, image, barcode, serial_number, manufacter) VALUES ('85', 'Motorola W395', 'fingerprint sensor', '49.99', '66', 'phone', 'image', 'cba09b2c-99b4-4b27-8783-3d2c849dc9cd', '113-43-6282', 'Hartmann, Lueilwitz and Simonis');
INSERT INTO Product (product_id, name, description, price, stock, category, image, barcode, serial_number, manufacter) VALUES ('86', 'Samsung Ativ Tab P8510', 'dual camera', '39.99', '61', 'phone', 'image', 'e9536b1a-d31e-4c35-b31c-d42da2541aa4', '637-34-0092', 'Wisoky and Sons');
INSERT INTO Product (product_id, name, description, price, stock, category, image, barcode, serial_number, manufacter) VALUES ('87', 'Mitsubishi M330', 'dual camera', '24.99', '3', 'phone', 'image', '6d5f24ae-c6ed-4776-a6fe-ae0f6b3452af', '383-62-5467', 'Bode-Halvorson');
INSERT INTO Product (product_id, name, description, price, stock, category, image, barcode, serial_number, manufacter) VALUES ('88', 'Sony Xperia T3', 'Metallic finish', '2.99', '86', 'phone', 'image', '9bd2ec87-3eda-4cca-aeae-3aab69a2f7b1', '211-73-8485', 'Konopelski, Bode and Lakin');
INSERT INTO Product (product_id, name, description, price, stock, category, image, barcode, serial_number, manufacter) VALUES ('89', 'Micromax A092 Unite', 'Metallic finish', '34.99', '83', 'phone', 'image', 'ecb83103-a27f-4c31-aa17-759e69d50aed', '705-94-6445', 'Mosciski Group');
INSERT INTO Product (product_id, name, description, price, stock, category, image, barcode, serial_number, manufacter) VALUES ('90', 'i-mobile TV 533', 'facial recognition', '3.49', '13', 'phone', 'image', '8d49de2b-c48e-4a7a-874a-95807079d1e7', '428-31-5246', 'Beatty-Schowalter');
INSERT INTO Product (product_id, name, description, price, stock, category, image, barcode, serial_number, manufacter) VALUES ('91', 'Nokia Lumia 2520', 'facial recognition', '79.99', '38', 'phone', 'image', 'd2fb95e9-2840-4696-86e6-e9cb096b7b55', '223-25-8367', 'Hickle Group');
INSERT INTO Product (product_id, name, description, price, stock, category, image, barcode, serial_number, manufacter) VALUES ('92', 'Asus Zenfone 5 ZE620KL', '5 inch display', '10.99', '71', 'phone', 'image', 'a46cc9d0-a3d6-4e19-b187-e5aac72164ef', '451-65-9487', 'Lindgren-Franecki');
INSERT INTO Product (product_id, name, description, price, stock, category, image, barcode, serial_number, manufacter) VALUES ('93', 'Sony Ericsson W960', 'Quad-core processor', '39.99', '97', 'phone', 'image', 'c52c2bbe-2c7f-40ea-873c-b6fa4473b56d', '154-11-2612', 'Aufderhar-Prosacco');
INSERT INTO Product (product_id, name, description, price, stock, category, image, barcode, serial_number, manufacter) VALUES ('94', 'Samsung A167', '32GB storage', '44.99', '33', 'phone', 'image', '441c154a-541b-4654-88c3-53d67b5761c1', '836-81-5427', 'Fritsch-Cormier');
INSERT INTO Product (product_id, name, description, price, stock, category, image, barcode, serial_number, manufacter) VALUES ('95', 'Samsung P260', '128GB storage', '3.29', '72', 'phone', 'image', 'c652f0ab-d1b0-405a-a357-3515db50b2f7', '620-74-4542', 'Crona Group');
INSERT INTO Product (product_id, name, description, price, stock, category, image, barcode, serial_number, manufacter) VALUES ('96', 'Micromax A59 Bolt', '64GB storage', '5.49', '69', 'phone', 'image', '8bcb3ca8-839c-4506-8231-c3c01b2a0066', '528-75-4627', 'Shields-Grady');
INSERT INTO Product (product_id, name, description, price, stock, category, image, barcode, serial_number, manufacter) VALUES ('97', 'BlackBerry Playbook 2012', 'Quad-core processor', '3.79', '87', 'phone', 'image', '1a3ad599-6631-45b9-9205-8b220c981fcf', '625-62-1789', 'Wunsch-Parisian');
INSERT INTO Product (product_id, name, description, price, stock, category, image, barcode, serial_number, manufacter) VALUES ('98', 'Sony Ericsson Z525', '32GB storage', '2.49', '92', 'phone', 'image', 'b666dcc0-07c0-4e9c-a008-af35e8d3afc4', '136-54-0385', 'Schuster, Schoen and Zulauf');
INSERT INTO Product (product_id, name, description, price, stock, category, image, barcode, serial_number, manufacter) VALUES ('99', 'ZTE Skate Acqua', '32GB storage', '79.99', '25', 'phone', 'image', '15d8e0c0-01b1-4793-afe5-c5cdf0f8afe5', '761-28-1700', 'Kshlerin Inc');
INSERT INTO Product (product_id, name, description, price, stock, category, image, barcode, serial_number, manufacter) VALUES ('100', 'Sony Xperia Tablet Z LTE', 'facial recognition', '139.99', '1', 'phone', 'image', '4d0395be-9252-4468-90ed-acedec42c279', '399-79-1027', 'Botsford-Sauer');
INSERT INTO Product (product_id, name, description, price, stock, category, image, barcode, serial_number, manufacter) VALUES ('101', 'Sony Xperia L', 'facial recognition', '6.49', '75', 'phone', 'image', '5288b3e1-b475-4ae3-97f0-a8978aeb6662', '732-14-3415', 'Frami and Sons');
INSERT INTO Product (product_id, name, description, price, stock, category, image, barcode, serial_number, manufacter) VALUES ('102', 'Gionee A1', 'fingerprint sensor', '2.49', '85', 'phone', 'image', '7cb04afa-3298-4624-85a5-cb67846fd869', '424-26-6258', 'O\Connell, Gutmann and Dach');
INSERT INTO Product (product_id, name, description, price, stock, category, image, barcode, serial_number, manufacter) VALUES ('103', 'LG GS500 Cookie Plus', '64GB storage', '3.99', '23', 'phone', 'image', '76f520a4-c50a-4525-b5dc-97207e6dc2a7', '488-65-1713', 'Hills-Blanda');
INSERT INTO Product (product_id, name, description, price, stock, category, image, barcode, serial_number, manufacter) VALUES ('104', 'Archos Diamond Tab', 'Slim design', '25.99', '34', 'phone', 'image', '2167ffeb-7366-4483-9c35-0c17b6ccd3b0', '822-93-0364', 'Hackett, Cormier and Upton');
INSERT INTO Product (product_id, name, description, price, stock, category, image, barcode, serial_number, manufacter) VALUES ('105', 'Nokia Lumia 810', 'Slim design', '4.99', '3', 'phone', 'image', '2da100c2-ae73-443a-b7a8-1c14de6d4f03', '463-03-2613', 'Cassin and Sons');
INSERT INTO Product (product_id, name, description, price, stock, category, image, barcode, serial_number, manufacter) VALUES ('106', 'Micromax Canvas Tab P666', 'facial recognition', '34.99', '97', 'phone', 'image', '3959248e-20e4-4b98-97ef-e7dc04ff82d1', '655-69-4641', 'Stracke, Hartmann and Collier');
INSERT INTO Product (product_id, name, description, price, stock, category, image, barcode, serial_number, manufacter) VALUES ('107', 'Amoi CS6', 'dual camera', '24.99', '5', 'phone', 'image', 'd6058a0c-2ed1-4f71-8508-d779e9853c84', '604-12-6839', 'Ullrich LLC');
INSERT INTO Product (product_id, name, description, price, stock, category, image, barcode, serial_number, manufacter) VALUES ('108', 'alcatel OT-S621', 'Waterproof', '12.99', '32', 'phone', 'image', '4217a7ab-82f0-4dc7-a201-cab6ff46bc5f', '637-02-5333', 'Collier Inc');
INSERT INTO Product (product_id, name, description, price, stock, category, image, barcode, serial_number, manufacter) VALUES ('109', 'Bird D680', 'Metallic finish', '3.49', '80', 'phone', 'image', '1407f335-f987-4064-81a5-2c2b3e9c3b16', '628-21-3560', 'Bayer-Bode');
INSERT INTO Product (product_id, name, description, price, stock, category, image, barcode, serial_number, manufacter) VALUES ('110', 'LG KF245', 'fingerprint sensor', '39.99', '73', 'phone', 'image', 'a5001a2e-1b97-4c24-843e-57f7bdf742d0', '858-45-9751', 'Rippin-Parisian');
INSERT INTO Product (product_id, name, description, price, stock, category, image, barcode, serial_number, manufacter) VALUES ('111', 'LG GS106', 'fast charging', '19.99', '41', 'phone', 'image', '60f9b4d3-0d64-466a-9085-cbd7984ae741', '590-24-0666', 'Cummerata-Mohr');
INSERT INTO Product (product_id, name, description, price, stock, category, image, barcode, serial_number, manufacter) VALUES ('112', 'Plum Debut', '6 inch display', '6.29', '59', 'phone', 'image', '9574ffa0-2402-4963-ac7e-035e6c83faa1', '690-85-8089', 'Balistreri-Kassulke');
INSERT INTO Product (product_id, name, description, price, stock, category, image, barcode, serial_number, manufacter) VALUES ('113', 'Micromax X410', 'Metallic finish', '45.99', '59', 'phone', 'image', 'e0ef45e0-3030-4126-bd66-00ff6958b029', '415-59-1536', 'Schowalter-Franecki');
INSERT INTO Product (product_id, name, description, price, stock, category, image, barcode, serial_number, manufacter) VALUES ('114', 'Maxwest Nitro 55 LTE', '6 inch display', '3.19', '29', 'phone', 'image', '794297b1-41d7-481d-9972-d3991ce87a3d', '452-55-4394', 'Will-Schoen');
INSERT INTO Product (product_id, name, description, price, stock, category, image, barcode, serial_number, manufacter) VALUES ('115', 'Micromax X234+', '64GB storage', '2.29', '49', 'phone', 'image', 'def754c8-8667-4cac-a84d-3440089c4417', '150-26-1958', 'Greenholt, Hessel and Vandervort');
INSERT INTO Product (product_id, name, description, price, stock, category, image, barcode, serial_number, manufacter) VALUES ('116', 'Vodafone 248', 'dual camera', '39.99', '28', 'phone', 'image', 'd6847863-3baa-4c73-8140-51099d2d560a', '256-12-7926', 'Grant, Effertz and Quitzon');
INSERT INTO Product (product_id, name, description, price, stock, category, image, barcode, serial_number, manufacter) VALUES ('117', 'Gionee P5 Mini', 'Waterproof', '22', '100', 'phone', 'image', 'f6340005-ed1c-4338-b822-1aa152ca2355', '113-63-4168', 'Monahan LLC');
INSERT INTO Product (product_id, name, description, price, stock, category, image, barcode, serial_number, manufacter) VALUES ('118', 'verykool s5518Q Maverick', '6 inch display', '45', '86', 'phone', 'image', '5c6e12b6-eef5-4317-ad8a-5396842337bf', '374-70-3295', 'Lubowitz LLC');
INSERT INTO Product (product_id, name, description, price, stock, category, image, barcode, serial_number, manufacter) VALUES ('119', 'Huawei U1000', 'Quad-core processor', '29.99', '10', 'phone', 'image', '57a5195f-19c4-41bc-b9d6-bb3fdf2c1d73', '713-97-1692', 'Leuschke, Ward and Kub');
INSERT INTO Product (product_id, name, description, price, stock, category, image, barcode, serial_number, manufacter) VALUES ('120', 'Sony Xperia L2', '32GB storage', '2.79', '34', 'phone', 'image', 'b621f11e-c084-48ec-9fe5-ddd80a0e3baa', '665-77-8058', 'Fisher Group');
INSERT INTO Product (product_id, name, description, price, stock, category, image, barcode, serial_number, manufacter) VALUES ('121', 'Apple iPad Air 2', '5 inch display', '4.99', '84', 'phone', 'image', 'c5161364-d920-4cf9-bfe1-c790705ff6a0', '741-05-8978', 'Hayes Group');
INSERT INTO Product (product_id, name, description, price, stock, category, image, barcode, serial_number, manufacter) VALUES ('122', 'Sagem my401Z', 'Metallic finish', '3.49', '48', 'phone', 'image', '957c4b21-de4b-46ba-bc74-6b83da9317ff', '558-44-8506', 'Batz-Haag');
INSERT INTO Product (product_id, name, description, price, stock, category, image, barcode, serial_number, manufacter) VALUES ('123', 'HP Slate 7', 'fingerprint sensor', '8.99', '2', 'phone', 'image', '28fdd482-9e1b-4f38-8481-b0e9f34ca315', '695-81-0054', 'Harber and Sons');
INSERT INTO Product (product_id, name, description, price, stock, category, image, barcode, serial_number, manufacter) VALUES ('124', 'Samsung T349', 'expandable storage', '14.99', '52', 'phone', 'image', 'e4f30bd8-a080-4e30-b832-664c53244beb', '855-48-0919', 'Cartwright-Bruen');
INSERT INTO Product (product_id, name, description, price, stock, category, image, barcode, serial_number, manufacter) VALUES ('125', 'QMobile Noir Z8', '32GB storage', '4.49', '21', 'phone', 'image', '6717e915-808d-43a8-99cc-83c157e39e90', '306-27-2238', 'Johns-Quigley');
INSERT INTO Product (product_id, name, description, price, stock, category, image, barcode, serial_number, manufacter) VALUES ('126', 'Apple Watch Series 3', '5 inch display', '5.99', '40', 'phone', 'image', '72f6922d-a404-45cd-b355-3bc0088d497b', '489-18-4657', 'Harber-Graham');
INSERT INTO Product (product_id, name, description, price, stock, category, image, barcode, serial_number, manufacter) VALUES ('127', 'Oppo R15x', '5.5 inch display', '1.99', '42', 'phone', 'image', '7240f550-e011-49cf-8630-110ff79921f2', '298-64-1762', 'Macejkovic, Mitchell and Klocko');
INSERT INTO Product (product_id, name, description, price, stock, category, image, barcode, serial_number, manufacter) VALUES ('128', 'Microsoft Lumia 640 XL LTE', '32GB storage', '39.99', '98', 'phone', 'image', 'f283727f-cf12-4939-8e0d-4cf10942a06c', '231-80-0162', 'Vandervort, Wintheiser and Wiegand');
INSERT INTO Product (product_id, name, description, price, stock, category, image, barcode, serial_number, manufacter) VALUES ('129', 'Samsung E590', 'expandable storage', '44.99', '12', 'phone', 'image', '01b98982-573e-4750-a07d-ab8677fb3ad1', '885-86-8249', 'Skiles Inc');
INSERT INTO Product (product_id, name, description, price, stock, category, image, barcode, serial_number, manufacter) VALUES ('130', 'BLU Samba JR', '64GB storage', '3.49', '28', 'phone', 'image', 'cbce8d03-a2b0-482f-bcdb-8bfd01476702', '777-32-3616', 'Steuber-Raynor');
INSERT INTO Product (product_id, name, description, price, stock, category, image, barcode, serial_number, manufacter) VALUES ('131', 'Vodafone Smart 4 mini', 'facial recognition', '3.29', '91', 'phone', 'image', 'bd1b1ab0-b508-4981-9505-89fbcfc8ab2b', '108-06-0862', 'Baumbach-Spinka');
INSERT INTO Product (product_id, name, description, price, stock, category, image, barcode, serial_number, manufacter) VALUES ('132', 'Samsung Galaxy S7 active', '128GB storage', '4.99', '67', 'phone', 'image', 'e8d5bf97-0e76-4346-adaf-12dd8e65f066', '356-70-5024', 'Zemlak-Jacobs');
INSERT INTO Product (product_id, name, description, price, stock, category, image, barcode, serial_number, manufacter) VALUES ('133', 'LG Watch Urbane 2nd Edition LTE', 'dual camera', '29.99', '19', 'phone', 'image', '1a3eff9d-0532-44b3-8529-7ea5cd917de7', '545-56-7696', 'Block-Cartwright');
INSERT INTO Product (product_id, name, description, price, stock, category, image, barcode, serial_number, manufacter) VALUES ('134', 'Micromax A75', '5.5 inch display', '6.49', '61', 'phone', 'image', '82c357a2-7cc0-4852-8411-e99790bb5fd1', '796-75-0522', 'Gorczany, Lind and Heidenreich');
INSERT INTO Product (product_id, name, description, price, stock, category, image, barcode, serial_number, manufacter) VALUES ('135', 'LG Wink 3G T320', 'facial recognition', '34.99', '93', 'phone', 'image', '94fe5081-6d93-4040-ae30-56d3d42b69b7', '433-23-6689', 'Cremin-Bartoletti');
INSERT INTO Product (product_id, name, description, price, stock, category, image, barcode, serial_number, manufacter) VALUES ('136', 'Prestigio MultiPhone 3400 Duo', 'Quad-core processor', '19.99', '80', 'phone', 'image', '9a75da1d-cf71-4fac-ad7d-59ffd5b26f17', '244-95-5157', 'Jacobson-Streich');
INSERT INTO Product (product_id, name, description, price, stock, category, image, barcode, serial_number, manufacter) VALUES ('137', 'O2 Cocoon', '32GB storage', '2.99', '49', 'phone', 'image', '0a7afae2-1ad5-4a71-bbfb-6cd64fdf815e', '267-87-9499', 'Tromp, Skiles and Mraz');
INSERT INTO Product (product_id, name, description, price, stock, category, image, barcode, serial_number, manufacter) VALUES ('138', 'BLU C5L 2020', 'Slim design', '4.29', '22', 'phone', 'image', 'd91e24cb-6fc2-4bf7-a965-e49c2eb4f37c', '305-21-8116', 'Davis-O\Kon');
INSERT INTO Product (product_id, name, description, price, stock, category, image, barcode, serial_number, manufacter) VALUES ('139', 'Motorola Motoluxe', 'Waterproof', '69.99', '93', 'phone', 'image', 'cfea6eca-8594-498e-bbed-d4bc37e3efe2', '868-02-4604', 'Gleason Group');
INSERT INTO Product (product_id, name, description, price, stock, category, image, barcode, serial_number, manufacter) VALUES ('140', 'Samsung I5801 Galaxy Apollo', '32GB storage', '2.49', '64', 'phone', 'image', '278e7619-d2e0-4710-a5e6-cfc93f9b78c6', '308-56-1513', 'Kemmer Inc');
INSERT INTO Product (product_id, name, description, price, stock, category, image, barcode, serial_number, manufacter) VALUES ('141', 'Spice Mi-506 Stellar Mettle Icon', '5.5 inch display', '3.99', '76', 'phone', 'image', '687e48f7-bc04-4988-a595-13a8e6edd397', '690-88-2722', 'Boyer-Kirlin');
INSERT INTO Product (product_id, name, description, price, stock, category, image, barcode, serial_number, manufacter) VALUES ('142', 'Motorola V230', '128GB storage', '79.99', '78', 'phone', 'image', '8e16c431-6327-4021-8942-2f7918a703dd', '434-59-7557', 'Hackett, Rohan and Erdman');
INSERT INTO Product (product_id, name, description, price, stock, category, image, barcode, serial_number, manufacter) VALUES ('143', 'Bird M32', 'expandable storage', '7.49', '95', 'phone', 'image', '9eb08e8e-edcf-4e28-a804-83ce8156b4d6', '519-21-8570', 'Mitchell, McClure and Kovacek');
INSERT INTO Product (product_id, name, description, price, stock, category, image, barcode, serial_number, manufacter) VALUES ('144', 'Prestigio MultiPad 7.0 Pro Duo', 'Metallic finish', '5.99', '7', 'phone', 'image', '0096e476-953e-47ef-960f-07130aabe746', '117-42-8095', 'Ortiz, Crooks and Powlowski');
INSERT INTO Product (product_id, name, description, price, stock, category, image, barcode, serial_number, manufacter) VALUES ('145', 'Samsung Galaxy J6', 'facial recognition', '99.99', '83', 'phone', 'image', '925e362e-142f-42e5-8a55-b80d3c870360', '808-94-7182', 'Feest-Strosin');
INSERT INTO Product (product_id, name, description, price, stock, category, image, barcode, serial_number, manufacter) VALUES ('146', 'Sharp 930SH', '128GB storage', '39', '68', 'phone', 'image', 'bad1059b-1a10-4e26-bac6-d09331a9e05b', '383-87-7914', 'Skiles and Sons');
INSERT INTO Product (product_id, name, description, price, stock, category, image, barcode, serial_number, manufacter) VALUES ('147', 'QMobile Noir Z7', 'fast charging', '4.99', '42', 'phone', 'image', '6e354d23-bbf9-478a-9602-d69935b5bf43', '719-29-2806', 'Hessel, Botsford and Gutmann');
INSERT INTO Product (product_id, name, description, price, stock, category, image, barcode, serial_number, manufacter) VALUES ('148', 'alcatel Net', 'dual camera', '49.99', '56', 'phone', 'image', '9c0b0fed-27bd-4a83-b6cd-46bbc6dee174', '635-95-1584', 'Zemlak LLC');
INSERT INTO Product (product_id, name, description, price, stock, category, image, barcode, serial_number, manufacter) VALUES ('149', 'BLU Studio 5.0 C HD', '128GB storage', '4.99', '66', 'phone', 'image', 'f3964360-bb30-4d37-8895-60654de57a9b', '689-56-6849', 'Weber, Fritsch and Feest');
INSERT INTO Product (product_id, name, description, price, stock, category, image, barcode, serial_number, manufacter) VALUES ('150', 'Panasonic T50', '5 inch display', '12.99', '6', 'phone', 'image', 'e8dce848-62d0-436c-b81b-9ef341096fd0', '785-23-9967', 'Abbott LLC');
INSERT INTO Product (product_id, name, description, price, stock, category, image, barcode, serial_number, manufacter) VALUES ('151', 'Wiko U Feel Prime', '6 inch display', '4.99', '82', 'phone', 'image', 'beb7f737-2ffc-4100-817a-2bfae6d5c90e', '402-47-9654', 'Lueilwitz-Dibbert');
INSERT INTO Product (product_id, name, description, price, stock, category, image, barcode, serial_number, manufacter) VALUES ('152', 'Microsoft Lumia 640 LTE Dual SIM', '6 inch display', '4.29', '41', 'phone', 'image', '03450c1d-147f-440e-a4a3-93b38b9be752', '381-46-3235', 'O\Hara-Turner');
INSERT INTO Product (product_id, name, description, price, stock, category, image, barcode, serial_number, manufacter) VALUES ('153', 'Acer beTouch E120', 'dual camera', '22.99', '63', 'phone', 'image', '5797d329-457b-41a8-bb6a-dd6623d9d0ca', '878-03-7521', 'Lubowitz, Watsica and Flatley');
INSERT INTO Product (product_id, name, description, price, stock, category, image, barcode, serial_number, manufacter) VALUES ('154', 'Karbonn K65 Buzz', '32GB storage', '25.99', '12', 'phone', 'image', 'ddba4564-d436-4bab-acc9-7339dd8c7f5d', '157-73-7479', 'Kuvalis, Bruen and Emmerich');
INSERT INTO Product (product_id, name, description, price, stock, category, image, barcode, serial_number, manufacter) VALUES ('155', 'Motorola v8088', '5 inch display', '34.99', '50', 'phone', 'image', '8c80ee9c-6e1f-4f9e-823c-ff9903c9c05e', '337-56-2535', 'Kohler, Haag and Rohan');
INSERT INTO Product (product_id, name, description, price, stock, category, image, barcode, serial_number, manufacter) VALUES ('156', 'BlackBerry Passport', '64GB storage', '24.99', '56', 'phone', 'image', '987a5cd6-2d21-4577-b832-d61725ff267c', '768-75-4775', 'Oberbrunner Inc');
INSERT INTO Product (product_id, name, description, price, stock, category, image, barcode, serial_number, manufacter) VALUES ('157', 'Haier I6', 'Quad-core processor', '9.99', '2', 'phone', 'image', 'dfdef6fd-896e-4946-8cb6-ae78375123fd', '418-17-0710', 'Walker-Conroy');
INSERT INTO Product (product_id, name, description, price, stock, category, image, barcode, serial_number, manufacter) VALUES ('158', 'Huawei Enjoy Z 5G', 'Slim design', '49.99', '83', 'phone', 'image', 'cebab03b-fd03-41ab-be44-9fd464dae674', '809-96-6287', 'Anderson-Gleichner');
INSERT INTO Product (product_id, name, description, price, stock, category, image, barcode, serial_number, manufacter) VALUES ('159', 'Vodafone 360 H1', 'Waterproof', '29.99', '23', 'phone', 'image', '7eeead43-0902-4cb2-86c9-81e6f44ef85e', '731-25-2729', 'Halvorson, Funk and Davis');
INSERT INTO Product (product_id, name, description, price, stock, category, image, barcode, serial_number, manufacter) VALUES ('160', 'Lenovo S880', '128GB storage', '39.99', '59', 'phone', 'image', '2c8ea0ee-e396-4f85-aa82-05bb74352962', '620-82-7619', 'Conroy Inc');
INSERT INTO Product (product_id, name, description, price, stock, category, image, barcode, serial_number, manufacter) VALUES ('161', 'Celkon C7', 'Waterproof', '7.49', '54', 'phone', 'image', 'b8ba1d2c-ab43-480c-9cf6-af1f065c3657', '129-54-7104', 'Runte and Sons');
INSERT INTO Product (product_id, name, description, price, stock, category, image, barcode, serial_number, manufacter) VALUES ('162', 'Chea 208', 'fingerprint sensor', '14.99', '65', 'phone', 'image', 'bcc50075-34c6-4aa7-81e7-9f633d563683', '615-07-5742', 'Goldner, Dietrich and Heidenreich');
INSERT INTO Product (product_id, name, description, price, stock, category, image, barcode, serial_number, manufacter) VALUES ('163', 'vivo Y91i', '5 inch display', '49.99', '21', 'phone', 'image', '4f982293-ffad-4a7b-abc6-6ad433e69aa8', '421-03-1109', 'Borer, Ruecker and Wintheiser');
INSERT INTO Product (product_id, name, description, price, stock, category, image, barcode, serial_number, manufacter) VALUES ('164', 'Meizu M3e', 'Slim design', '89.99', '25', 'phone', 'image', 'f235f638-f10c-4dcd-a84c-33dbff1a9131', '653-04-4551', 'Fritsch-Larson');
INSERT INTO Product (product_id, name, description, price, stock, category, image, barcode, serial_number, manufacter) VALUES ('165', 'Huawei Y7 (2018)', 'facial recognition', '25.99', '8', 'phone', 'image', 'cd2cccdd-3c86-4a19-93af-1b402b87649f', '455-58-5256', 'Miller-Parisian');
INSERT INTO Product (product_id, name, description, price, stock, category, image, barcode, serial_number, manufacter) VALUES ('166', 'Samsung Galaxy Tab S 10.5 LTE', 'expandable storage', '24.99', '8', 'phone', 'image', '29b697ed-5850-4151-b52c-7ca773e24fb7', '409-71-0988', 'Johnston-Ziemann');
INSERT INTO Product (product_id, name, description, price, stock, category, image, barcode, serial_number, manufacter) VALUES ('167', 'NEC N750', '5.5 inch display', '19.99', '85', 'phone', 'image', '45e5062c-588b-401b-98fc-be35ee91e2ae', '781-85-1338', 'Mueller, Bechtelar and Batz');
INSERT INTO Product (product_id, name, description, price, stock, category, image, barcode, serial_number, manufacter) VALUES ('168', 'ZTE R221', '6 inch display', '39.99', '54', 'phone', 'image', '434ef73c-a9fa-4a31-9f58-0ca56572fee5', '662-78-3153', 'Volkman, Von and Hackett');
INSERT INTO Product (product_id, name, description, price, stock, category, image, barcode, serial_number, manufacter) VALUES ('169', 'Haier Z8000', '64GB storage', '99.99', '44', 'phone', 'image', 'ebc2bc2f-a20e-4561-b046-9b1475cab0e1', '403-40-2534', 'Schneider LLC');
INSERT INTO Product (product_id, name, description, price, stock, category, image, barcode, serial_number, manufacter) VALUES ('170', 'Samsung X300', '32GB storage', '3.29', '63', 'phone', 'image', 'c70fd729-f46d-4749-b2a3-07d718f6a71b', '751-28-8971', 'Larson, Hahn and Corwin');
INSERT INTO Product (product_id, name, description, price, stock, category, image, barcode, serial_number, manufacter) VALUES ('171', 'NEC N150', '64GB storage', '3.99', '5', 'phone', 'image', '801cbd31-30de-4169-a266-26cda1b15b8f', '360-89-5383', 'Nitzsche, Reinger and Rogahn');
INSERT INTO Product (product_id, name, description, price, stock, category, image, barcode, serial_number, manufacter) VALUES ('172', 'Sewon SG-2880CS', 'dual camera', '2.49', '14', 'phone', 'image', 'f2c321ce-15f2-4b35-b9b4-7ff24e42546d', '855-79-4316', 'Schiller, Sporer and Fisher');
INSERT INTO Product (product_id, name, description, price, stock, category, image, barcode, serial_number, manufacter) VALUES ('173', 'Philips Genie db', '6 inch display', '8.99', '41', 'phone', 'image', '426c0fa6-5c40-4885-89ba-159f0f2db452', '449-06-0085', 'Hand and Sons');
INSERT INTO Product (product_id, name, description, price, stock, category, image, barcode, serial_number, manufacter) VALUES ('174', 'verykool s732', 'Slim design', '2.99', '54', 'phone', 'image', '6c43015b-9533-4f4e-afce-2a05e751a90e', '280-97-6377', 'McGlynn, Kerluke and Wehner');
INSERT INTO Product (product_id, name, description, price, stock, category, image, barcode, serial_number, manufacter) VALUES ('175', 'Palm Treo 750', 'Metallic finish', '2.79', '51', 'phone', 'image', 'aff2ad00-10d0-4645-98b9-58454f6e0881', '489-51-4490', 'Reichel-Johnston');
INSERT INTO Product (product_id, name, description, price, stock, category, image, barcode, serial_number, manufacter) VALUES ('176', 'Sony Xperia Z Ultra', 'Waterproof', '15.99', '80', 'phone', 'image', '204f52c7-59cb-42b3-b945-bf9667feece1', '749-88-1140', 'Boyer-Veum');
INSERT INTO Product (product_id, name, description, price, stock, category, image, barcode, serial_number, manufacter) VALUES ('177', 'Vodafone Smart Tab 10', 'Metallic finish', '79.99', '24', 'phone', 'image', '92c89436-a04e-4386-8ec0-c1dd62b772eb', '513-88-3692', 'Reilly, Metz and Hackett');
INSERT INTO Product (product_id, name, description, price, stock, category, image, barcode, serial_number, manufacter) VALUES ('178', 'Gigabyte GSmart Akta A4', '32GB storage', '69.99', '73', 'phone', 'image', '0d961929-8719-4294-9ae1-9da9bc09a216', '106-75-8006', 'Trantow, Schneider and Jacobs');
INSERT INTO Product (product_id, name, description, price, stock, category, image, barcode, serial_number, manufacter) VALUES ('179', 'Nokia Asha 501', 'fingerprint sensor', '4.99', '76', 'phone', 'image', 'a84a4675-1bdb-408a-ae41-820cbc764bea', '153-04-8176', 'Kihn-Sipes');
INSERT INTO Product (product_id, name, description, price, stock, category, image, barcode, serial_number, manufacter) VALUES ('180', 'ZTE nubia Z11 mini', 'fast charging', '2.49', '51', 'phone', 'image', 'd3a9f72d-6424-4eeb-9053-5391333c3b73', '442-94-3383', 'Fay, Hegmann and Pfeffer');
INSERT INTO Product (product_id, name, description, price, stock, category, image, barcode, serial_number, manufacter) VALUES ('181', 'LG X350', 'Waterproof', '6.99', '97', 'phone', 'image', 'da3c4fad-0731-4ddb-96de-985aa5d2dfcb', '181-04-0633', 'McKenzie-Cremin');
INSERT INTO Product (product_id, name, description, price, stock, category, image, barcode, serial_number, manufacter) VALUES ('182', 'vivo Y31', 'Metallic finish', '24.99', '22', 'phone', 'image', '59f071e6-cb96-459f-a02b-39881ce3288f', '761-09-7935', 'Von Group');
INSERT INTO Product (product_id, name, description, price, stock, category, image, barcode, serial_number, manufacter) VALUES ('183', 'BenQ M220', '32GB storage', '19.99', '36', 'phone', 'image', 'b871543c-ea11-4436-b388-5c25f8aa9ed9', '587-52-7129', 'Harber LLC');
INSERT INTO Product (product_id, name, description, price, stock, category, image, barcode, serial_number, manufacter) VALUES ('184', 'XOLO Q610s', 'fast charging', '3.49', '83', 'phone', 'image', '0187d52c-89db-4d85-8b37-3336c0a90cd0', '683-64-8172', 'Gottlieb, Howell and Murray');
INSERT INTO Product (product_id, name, description, price, stock, category, image, barcode, serial_number, manufacter) VALUES ('185', 'Kyocera Hydro Xtrm', '64GB storage', '14.99', '30', 'phone', 'image', '5052b08d-8464-47b6-9120-b734f995506c', '261-85-9461', 'McCullough LLC');
INSERT INTO Product (product_id, name, description, price, stock, category, image, barcode, serial_number, manufacter) VALUES ('186', 'Huawei nova 7 5G', 'Slim design', '6.99', '42', 'phone', 'image', '668c09f4-787d-43c5-92d3-0b1ab5ef7d74', '644-35-3702', 'Wintheiser Inc');
INSERT INTO Product (product_id, name, description, price, stock, category, image, barcode, serial_number, manufacter) VALUES ('187', 'Oppo F11 Pro', 'Waterproof', '19.99', '22', 'phone', 'image', 'a09f69c3-f6f0-4797-bda0-e7d0e2b95082', '165-42-1154', 'Predovic-Bernhard');
INSERT INTO Product (product_id, name, description, price, stock, category, image, barcode, serial_number, manufacter) VALUES ('188', 'Nokia Lumia 820', 'fingerprint sensor', '4.99', '13', 'phone', 'image', 'ec6fe51a-c9fb-4dec-8b7a-f2d2eed6d286', '543-54-9234', 'Vandervort Group');
INSERT INTO Product (product_id, name, description, price, stock, category, image, barcode, serial_number, manufacter) VALUES ('189', 'Motorola V690', '5.5 inch display', '4.99', '61', 'phone', 'image', '1437ee2d-b813-4bc9-a2e4-8f7ae4086aa0', '762-87-6706', 'Rosenbaum-Howell');
INSERT INTO Product (product_id, name, description, price, stock, category, image, barcode, serial_number, manufacter) VALUES ('190', 'LG G Pad III 8.0 FHD', '5.5 inch display', '5.99', '75', 'phone', 'image', 'b0352294-688c-4f50-aacf-fd45615c3f35', '246-93-1970', 'Lubowitz, White and Hilpert');
INSERT INTO Product (product_id, name, description, price, stock, category, image, barcode, serial_number, manufacter) VALUES ('191', 'Realme Narzo 10A', 'dual camera', '1.29', '53', 'phone', 'image', 'c062b239-4b1b-491f-9e77-736d69e2116d', '300-85-6331', 'Price Inc');
INSERT INTO Product (product_id, name, description, price, stock, category, image, barcode, serial_number, manufacter) VALUES ('192', 'Samsung L810v Steel', 'Slim design', '169.99', '74', 'phone', 'image', 'ab22260c-b9b6-43e7-8404-fbe20a7d0723', '323-39-2448', 'Larson, Zboncak and Miller');
INSERT INTO Product (product_id, name, description, price, stock, category, image, barcode, serial_number, manufacter) VALUES ('193', 'Nokia 2100', '64GB storage', '1.89', '29', 'phone', 'image', '0781343b-cc65-40a8-8890-4e5d71a21041', '496-89-1462', 'Stokes, Abbott and Lockman');
INSERT INTO Product (product_id, name, description, price, stock, category, image, barcode, serial_number, manufacter) VALUES ('194', 'Microsoft Lumia 532', 'expandable storage', '22.99', '21', 'phone', 'image', 'ea00fca9-93b5-402b-aba1-59d275909326', '116-01-6058', 'Walsh, Kuhn and Hansen');
INSERT INTO Product (product_id, name, description, price, stock, category, image, barcode, serial_number, manufacter) VALUES ('195', 'LG KE800', '128GB storage', '2.49', '34', 'phone', 'image', 'c7ce3e2a-399b-4c87-817b-665b8592a299', '337-92-3956', 'Glover, Osinski and Wyman');
INSERT INTO Product (product_id, name, description, price, stock, category, image, barcode, serial_number, manufacter) VALUES ('196', 'Yezz Andy A4', 'expandable storage', '79.99', '17', 'phone', 'image', 'd2e52207-e6d7-456e-bd9d-9151387ed3d6', '393-72-3037', 'Glover-Kertzmann');
INSERT INTO Product (product_id, name, description, price, stock, category, image, barcode, serial_number, manufacter) VALUES ('197', 'LG GU285', 'expandable storage', '3.49', '49', 'phone', 'image', 'd94b52fd-62be-40d0-954a-d139dfea69e8', '533-17-0827', 'Brekke, Swift and Rutherford');
INSERT INTO Product (product_id, name, description, price, stock, category, image, barcode, serial_number, manufacter) VALUES ('198', 'Micromax Canvas Xpress 4G Q413', 'fingerprint sensor', '4.29', '63', 'phone', 'image', '42a93cb5-c3bb-44ee-9267-abfe642102eb', '811-88-3423', 'Rohan, Osinski and Wuckert');
INSERT INTO Product (product_id, name, description, price, stock, category, image, barcode, serial_number, manufacter) VALUES ('199', 'QMobile Linq L15', 'fingerprint sensor', '4.49', '39', 'phone', 'image', 'ddb95ae4-dffb-462c-99e9-bb8f7c7e572f', '581-51-8878', 'Schinner, Osinski and Becker');
INSERT INTO Product (product_id, name, description, price, stock, category, image, barcode, serial_number, manufacter) VALUES ('200', 'Honor 9X Lite', 'Quad-core processor', '15.49', '11', 'phone', 'image', 'd61ee140-da95-4bf8-8e72-c5899f93b8d6', '439-37-2201', 'O\Keefe Inc');

INSERT INTO Sales_Report (report_id, admin_id, start_date, end_date, data_summary) VALUES ('1', '5', '2024-10-04 04:11:00', '2025-02-06 06:44:07', 'sales_report.pdf');
INSERT INTO Sales_Report (report_id, admin_id, start_date, end_date, data_summary) VALUES ('2', '1', '2025-01-09 20:08:32', '2025-03-17 01:24:37', 'sales_report.pdf');
INSERT INTO Sales_Report (report_id, admin_id, start_date, end_date, data_summary) VALUES ('3', '1', '2024-06-21 17:16:50', '2024-10-08 04:31:56', 'sales_report.pdf');
INSERT INTO Sales_Report (report_id, admin_id, start_date, end_date, data_summary) VALUES ('4', '5', '2024-11-30 00:00:31', '2025-05-08 22:13:04', 'sales_report.pdf');
INSERT INTO Sales_Report (report_id, admin_id, start_date, end_date, data_summary) VALUES ('5', '4', '2025-03-30 01:15:47', '2025-02-14 22:53:30', 'sales_report.pdf');
INSERT INTO Sales_Report (report_id, admin_id, start_date, end_date, data_summary) VALUES ('6', '1', '2024-12-28 06:04:50', '2024-11-13 07:27:48', 'sales_report.pdf');
INSERT INTO Sales_Report (report_id, admin_id, start_date, end_date, data_summary) VALUES ('7', '3', '2025-01-29 11:11:20', '2024-09-03 19:54:26', 'sales_report.pdf');
INSERT INTO Sales_Report (report_id, admin_id, start_date, end_date, data_summary) VALUES ('8', '4', '2025-05-25 07:50:39', '2025-02-17 17:24:02', 'sales_report.pdf');
INSERT INTO Sales_Report (report_id, admin_id, start_date, end_date, data_summary) VALUES ('9', '2', '2025-05-27 23:53:49', '2024-08-14 06:23:26', 'sales_report.pdf');
INSERT INTO Sales_Report (report_id, admin_id, start_date, end_date, data_summary) VALUES ('10', '5', '2024-08-17 12:34:47', '2025-03-23 12:47:29', 'sales_report.pdf');
INSERT INTO Sales_Report (report_id, admin_id, start_date, end_date, data_summary) VALUES ('11', '3', '2025-04-11 03:27:10', '2024-06-23 11:32:35', 'sales_report.pdf');
INSERT INTO Sales_Report (report_id, admin_id, start_date, end_date, data_summary) VALUES ('12', '4', '2025-03-28 03:39:53', '2024-10-17 09:22:01', 'sales_report.pdf');
INSERT INTO Sales_Report (report_id, admin_id, start_date, end_date, data_summary) VALUES ('13', '1', '2024-07-09 12:49:45', '2025-04-21 07:36:26', 'sales_report.pdf');
INSERT INTO Sales_Report (report_id, admin_id, start_date, end_date, data_summary) VALUES ('14', '1', '2025-02-04 02:49:21', '2025-03-30 02:27:56', 'sales_report.pdf');
INSERT INTO Sales_Report (report_id, admin_id, start_date, end_date, data_summary) VALUES ('15', '4', '2025-05-26 22:13:03', '2024-12-18 19:12:24', 'sales_report.pdf');
INSERT INTO Sales_Report (report_id, admin_id, start_date, end_date, data_summary) VALUES ('16', '2', '2025-02-28 03:20:44', '2024-09-12 09:04:43', 'sales_report.pdf');
INSERT INTO Sales_Report (report_id, admin_id, start_date, end_date, data_summary) VALUES ('17', '2', '2025-04-06 21:11:30', '2024-08-19 01:39:13', 'sales_report.pdf');
INSERT INTO Sales_Report (report_id, admin_id, start_date, end_date, data_summary) VALUES ('18', '5', '2025-03-08 00:43:44', '2024-09-02 06:03:11', 'sales_report.pdf');
INSERT INTO Sales_Report (report_id, admin_id, start_date, end_date, data_summary) VALUES ('19', '1', '2024-10-13 20:30:47', '2024-11-21 14:12:01', 'sales_report.pdf');
INSERT INTO Sales_Report (report_id, admin_id, start_date, end_date, data_summary) VALUES ('20', '4', '2025-04-13 03:16:33', '2024-08-15 09:29:34', 'sales_report.pdf');
INSERT INTO Sales_Report (report_id, admin_id, start_date, end_date, data_summary) VALUES ('21', '5', '2024-07-30 17:08:25', '2025-04-15 17:35:55', 'sales_report.pdf');
INSERT INTO Sales_Report (report_id, admin_id, start_date, end_date, data_summary) VALUES ('22', '4', '2024-11-02 12:45:06', '2024-11-03 11:30:44', 'sales_report.pdf');
INSERT INTO Sales_Report (report_id, admin_id, start_date, end_date, data_summary) VALUES ('23', '2', '2024-11-25 02:07:03', '2024-11-14 18:34:51', 'sales_report.pdf');
INSERT INTO Sales_Report (report_id, admin_id, start_date, end_date, data_summary) VALUES ('24', '3', '2024-08-31 03:14:05', '2024-12-30 22:35:07', 'sales_report.pdf');
INSERT INTO Sales_Report (report_id, admin_id, start_date, end_date, data_summary) VALUES ('25', '2', '2024-07-13 02:56:12', '2024-07-04 15:59:02', 'sales_report.pdf');
INSERT INTO Sales_Report (report_id, admin_id, start_date, end_date, data_summary) VALUES ('26', '2', '2024-11-25 07:17:14', '2024-12-30 10:41:52', 'sales_report.pdf');
INSERT INTO Sales_Report (report_id, admin_id, start_date, end_date, data_summary) VALUES ('27', '4', '2025-05-12 12:27:25', '2025-01-23 20:04:29', 'sales_report.pdf');
INSERT INTO Sales_Report (report_id, admin_id, start_date, end_date, data_summary) VALUES ('28', '5', '2024-11-04 21:51:27', '2025-03-01 09:13:49', 'sales_report.pdf');
INSERT INTO Sales_Report (report_id, admin_id, start_date, end_date, data_summary) VALUES ('29', '2', '2024-12-20 11:30:13', '2024-12-04 20:00:39', 'sales_report.pdf');
INSERT INTO Sales_Report (report_id, admin_id, start_date, end_date, data_summary) VALUES ('30', '3', '2024-08-03 08:44:22', '2025-02-22 02:57:00', 'sales_report.pdf');
INSERT INTO Sales_Report (report_id, admin_id, start_date, end_date, data_summary) VALUES ('31', '1', '2024-09-14 18:41:17', '2025-02-25 02:31:12', 'sales_report.pdf');
INSERT INTO Sales_Report (report_id, admin_id, start_date, end_date, data_summary) VALUES ('32', '3', '2024-08-22 09:33:12', '2025-05-16 09:11:40', 'sales_report.pdf');
INSERT INTO Sales_Report (report_id, admin_id, start_date, end_date, data_summary) VALUES ('33', '4', '2024-09-24 11:26:49', '2024-08-10 17:28:20', 'sales_report.pdf');
INSERT INTO Sales_Report (report_id, admin_id, start_date, end_date, data_summary) VALUES ('34', '2', '2024-12-21 09:48:43', '2024-11-21 23:32:20', 'sales_report.pdf');
INSERT INTO Sales_Report (report_id, admin_id, start_date, end_date, data_summary) VALUES ('35', '5', '2025-03-02 05:27:58', '2025-02-19 18:12:36', 'sales_report.pdf');
INSERT INTO Sales_Report (report_id, admin_id, start_date, end_date, data_summary) VALUES ('36', '5', '2024-12-05 05:14:31', '2025-03-27 21:01:56', 'sales_report.pdf');
INSERT INTO Sales_Report (report_id, admin_id, start_date, end_date, data_summary) VALUES ('37', '3', '2025-04-16 14:21:06', '2024-10-08 08:36:59', 'sales_report.pdf');
INSERT INTO Sales_Report (report_id, admin_id, start_date, end_date, data_summary) VALUES ('38', '1', '2024-07-09 23:06:26', '2025-01-02 14:29:24', 'sales_report.pdf');
INSERT INTO Sales_Report (report_id, admin_id, start_date, end_date, data_summary) VALUES ('39', '2', '2024-06-09 11:30:09', '2024-08-03 06:56:00', 'sales_report.pdf');
INSERT INTO Sales_Report (report_id, admin_id, start_date, end_date, data_summary) VALUES ('40', '1', '2024-11-12 12:49:02', '2025-04-04 13:19:35', 'sales_report.pdf');
INSERT INTO Sales_Report (report_id, admin_id, start_date, end_date, data_summary) VALUES ('41', '4', '2024-10-28 09:07:25', '2024-06-12 23:45:21', 'sales_report.pdf');
INSERT INTO Sales_Report (report_id, admin_id, start_date, end_date, data_summary) VALUES ('42', '1', '2024-10-17 03:14:45', '2025-01-28 12:49:54', 'sales_report.pdf');
INSERT INTO Sales_Report (report_id, admin_id, start_date, end_date, data_summary) VALUES ('43', '3', '2024-10-15 08:13:08', '2024-08-30 03:50:51', 'sales_report.pdf');
INSERT INTO Sales_Report (report_id, admin_id, start_date, end_date, data_summary) VALUES ('44', '1', '2025-05-19 19:17:52', '2024-07-09 14:55:00', 'sales_report.pdf');
INSERT INTO Sales_Report (report_id, admin_id, start_date, end_date, data_summary) VALUES ('45', '2', '2024-07-19 23:48:07', '2025-03-06 09:25:19', 'sales_report.pdf');
INSERT INTO Sales_Report (report_id, admin_id, start_date, end_date, data_summary) VALUES ('46', '4', '2024-08-24 01:03:11', '2024-09-02 18:36:50', 'sales_report.pdf');
INSERT INTO Sales_Report (report_id, admin_id, start_date, end_date, data_summary) VALUES ('47', '3', '2024-12-18 08:09:23', '2024-08-10 02:52:01', 'sales_report.pdf');
INSERT INTO Sales_Report (report_id, admin_id, start_date, end_date, data_summary) VALUES ('48', '4', '2024-08-26 23:24:34', '2025-04-14 19:07:13', 'sales_report.pdf');
INSERT INTO Sales_Report (report_id, admin_id, start_date, end_date, data_summary) VALUES ('49', '5', '2025-03-11 03:33:51', '2024-09-16 14:53:32', 'sales_report.pdf');
INSERT INTO Sales_Report (report_id, admin_id, start_date, end_date, data_summary) VALUES ('50', '4', '2024-12-08 15:19:13', '2024-09-16 17:37:50', 'sales_report.pdf');
INSERT INTO Sales_Report (report_id, admin_id, start_date, end_date, data_summary) VALUES ('51', '2', '2025-01-28 09:45:39', '2024-11-21 17:44:47', 'sales_report.pdf');
INSERT INTO Sales_Report (report_id, admin_id, start_date, end_date, data_summary) VALUES ('52', '5', '2024-12-29 02:57:39', '2024-12-30 22:22:47', 'sales_report.pdf');
INSERT INTO Sales_Report (report_id, admin_id, start_date, end_date, data_summary) VALUES ('53', '5', '2025-02-24 01:07:58', '2025-05-30 16:45:03', 'sales_report.pdf');
INSERT INTO Sales_Report (report_id, admin_id, start_date, end_date, data_summary) VALUES ('54', '5', '2024-08-04 20:50:41', '2024-10-18 01:11:38', 'sales_report.pdf');
INSERT INTO Sales_Report (report_id, admin_id, start_date, end_date, data_summary) VALUES ('55', '5', '2025-03-13 12:53:52', '2024-08-30 18:14:44', 'sales_report.pdf');
INSERT INTO Sales_Report (report_id, admin_id, start_date, end_date, data_summary) VALUES ('56', '1', '2024-11-01 00:30:55', '2025-03-06 06:39:09', 'sales_report.pdf');
INSERT INTO Sales_Report (report_id, admin_id, start_date, end_date, data_summary) VALUES ('57', '1', '2025-04-04 09:15:26', '2025-02-02 20:01:15', 'sales_report.pdf');
INSERT INTO Sales_Report (report_id, admin_id, start_date, end_date, data_summary) VALUES ('58', '1', '2024-10-16 22:37:22', '2025-05-23 17:38:05', 'sales_report.pdf');
INSERT INTO Sales_Report (report_id, admin_id, start_date, end_date, data_summary) VALUES ('59', '5', '2024-08-28 00:15:44', '2025-01-18 21:59:39', 'sales_report.pdf');
INSERT INTO Sales_Report (report_id, admin_id, start_date, end_date, data_summary) VALUES ('60', '1', '2025-06-01 19:17:53', '2024-09-06 17:22:53', 'sales_report.pdf');
INSERT INTO Sales_Report (report_id, admin_id, start_date, end_date, data_summary) VALUES ('61', '3', '2024-06-05 06:34:24', '2025-04-18 17:10:30', 'sales_report.pdf');
INSERT INTO Sales_Report (report_id, admin_id, start_date, end_date, data_summary) VALUES ('62', '2', '2024-06-10 14:43:15', '2024-06-28 13:54:20', 'sales_report.pdf');
INSERT INTO Sales_Report (report_id, admin_id, start_date, end_date, data_summary) VALUES ('63', '1', '2024-10-31 09:55:46', '2024-07-24 23:34:10', 'sales_report.pdf');
INSERT INTO Sales_Report (report_id, admin_id, start_date, end_date, data_summary) VALUES ('64', '4', '2024-08-22 01:49:42', '2025-01-06 16:51:04', 'sales_report.pdf');
INSERT INTO Sales_Report (report_id, admin_id, start_date, end_date, data_summary) VALUES ('65', '1', '2024-10-22 04:48:41', '2024-09-05 11:04:09', 'sales_report.pdf');
INSERT INTO Sales_Report (report_id, admin_id, start_date, end_date, data_summary) VALUES ('66', '5', '2025-05-07 23:32:58', '2024-11-08 20:38:38', 'sales_report.pdf');
INSERT INTO Sales_Report (report_id, admin_id, start_date, end_date, data_summary) VALUES ('67', '3', '2024-11-24 09:01:54', '2025-03-05 03:59:13', 'sales_report.pdf');
INSERT INTO Sales_Report (report_id, admin_id, start_date, end_date, data_summary) VALUES ('68', '5', '2025-01-26 18:18:39', '2024-06-24 00:56:48', 'sales_report.pdf');
INSERT INTO Sales_Report (report_id, admin_id, start_date, end_date, data_summary) VALUES ('69', '3', '2024-09-24 08:27:37', '2024-10-14 09:39:08', 'sales_report.pdf');
INSERT INTO Sales_Report (report_id, admin_id, start_date, end_date, data_summary) VALUES ('70', '5', '2024-11-09 15:15:16', '2025-05-22 08:10:40', 'sales_report.pdf');
INSERT INTO Sales_Report (report_id, admin_id, start_date, end_date, data_summary) VALUES ('71', '2', '2025-01-21 05:50:38', '2024-09-19 04:16:32', 'sales_report.pdf');
INSERT INTO Sales_Report (report_id, admin_id, start_date, end_date, data_summary) VALUES ('72', '2', '2024-12-06 00:50:17', '2025-01-01 13:32:29', 'sales_report.pdf');
INSERT INTO Sales_Report (report_id, admin_id, start_date, end_date, data_summary) VALUES ('73', '4', '2024-08-28 13:32:42', '2025-05-20 19:52:23', 'sales_report.pdf');
INSERT INTO Sales_Report (report_id, admin_id, start_date, end_date, data_summary) VALUES ('74', '3', '2024-10-01 08:49:29', '2024-07-11 05:51:30', 'sales_report.pdf');
INSERT INTO Sales_Report (report_id, admin_id, start_date, end_date, data_summary) VALUES ('75', '5', '2024-07-24 10:08:15', '2025-02-21 22:59:59', 'sales_report.pdf');
INSERT INTO Sales_Report (report_id, admin_id, start_date, end_date, data_summary) VALUES ('76', '1', '2025-03-11 11:38:06', '2024-10-16 04:47:41', 'sales_report.pdf');
INSERT INTO Sales_Report (report_id, admin_id, start_date, end_date, data_summary) VALUES ('77', '4', '2025-02-05 10:49:49', '2025-04-19 16:48:18', 'sales_report.pdf');
INSERT INTO Sales_Report (report_id, admin_id, start_date, end_date, data_summary) VALUES ('78', '5', '2024-09-05 22:35:52', '2025-02-14 16:02:26', 'sales_report.pdf');
INSERT INTO Sales_Report (report_id, admin_id, start_date, end_date, data_summary) VALUES ('79', '4', '2024-10-09 16:39:06', '2024-09-09 07:58:16', 'sales_report.pdf');
INSERT INTO Sales_Report (report_id, admin_id, start_date, end_date, data_summary) VALUES ('80', '1', '2024-07-25 02:20:29', '2024-07-24 14:29:34', 'sales_report.pdf');
INSERT INTO Sales_Report (report_id, admin_id, start_date, end_date, data_summary) VALUES ('81', '5', '2024-07-01 04:37:51', '2024-11-26 19:53:18', 'sales_report.pdf');
INSERT INTO Sales_Report (report_id, admin_id, start_date, end_date, data_summary) VALUES ('82', '5', '2024-07-29 11:53:19', '2025-01-13 15:49:24', 'sales_report.pdf');
INSERT INTO Sales_Report (report_id, admin_id, start_date, end_date, data_summary) VALUES ('83', '5', '2024-10-26 11:00:13', '2024-10-24 22:22:05', 'sales_report.pdf');
INSERT INTO Sales_Report (report_id, admin_id, start_date, end_date, data_summary) VALUES ('84', '4', '2024-10-09 06:34:38', '2025-05-04 16:12:13', 'sales_report.pdf');
INSERT INTO Sales_Report (report_id, admin_id, start_date, end_date, data_summary) VALUES ('85', '4', '2024-06-13 03:47:07', '2024-06-29 03:28:28', 'sales_report.pdf');
INSERT INTO Sales_Report (report_id, admin_id, start_date, end_date, data_summary) VALUES ('86', '5', '2024-09-22 13:33:28', '2025-05-10 22:20:07', 'sales_report.pdf');
INSERT INTO Sales_Report (report_id, admin_id, start_date, end_date, data_summary) VALUES ('87', '1', '2025-04-05 19:08:03', '2024-08-14 18:32:02', 'sales_report.pdf');
INSERT INTO Sales_Report (report_id, admin_id, start_date, end_date, data_summary) VALUES ('88', '1', '2024-12-26 16:52:02', '2024-11-15 20:04:12', 'sales_report.pdf');
INSERT INTO Sales_Report (report_id, admin_id, start_date, end_date, data_summary) VALUES ('89', '1', '2024-09-05 11:13:58', '2025-04-09 13:40:34', 'sales_report.pdf');
INSERT INTO Sales_Report (report_id, admin_id, start_date, end_date, data_summary) VALUES ('90', '5', '2024-08-12 02:21:04', '2024-08-31 15:40:23', 'sales_report.pdf');
INSERT INTO Sales_Report (report_id, admin_id, start_date, end_date, data_summary) VALUES ('91', '2', '2024-07-10 03:39:00', '2024-12-17 03:28:51', 'sales_report.pdf');
INSERT INTO Sales_Report (report_id, admin_id, start_date, end_date, data_summary) VALUES ('92', '1', '2025-05-11 06:08:41', '2024-09-12 07:57:55', 'sales_report.pdf');
INSERT INTO Sales_Report (report_id, admin_id, start_date, end_date, data_summary) VALUES ('93', '4', '2025-03-25 02:16:55', '2024-07-08 23:34:46', 'sales_report.pdf');
INSERT INTO Sales_Report (report_id, admin_id, start_date, end_date, data_summary) VALUES ('94', '2', '2024-08-18 13:51:40', '2025-02-04 15:44:14', 'sales_report.pdf');
INSERT INTO Sales_Report (report_id, admin_id, start_date, end_date, data_summary) VALUES ('95', '1', '2024-08-25 08:39:39', '2025-01-07 22:47:59', 'sales_report.pdf');
INSERT INTO Sales_Report (report_id, admin_id, start_date, end_date, data_summary) VALUES ('96', '3', '2024-08-26 21:24:53', '2025-01-10 06:36:47', 'sales_report.pdf');
INSERT INTO Sales_Report (report_id, admin_id, start_date, end_date, data_summary) VALUES ('97', '2', '2025-03-23 22:41:37', '2024-12-25 00:03:49', 'sales_report.pdf');
INSERT INTO Sales_Report (report_id, admin_id, start_date, end_date, data_summary) VALUES ('98', '3', '2024-12-14 05:32:07', '2024-08-04 03:50:08', 'sales_report.pdf');
INSERT INTO Sales_Report (report_id, admin_id, start_date, end_date, data_summary) VALUES ('99', '5', '2025-05-10 15:27:21', '2025-02-08 06:52:23', 'sales_report.pdf');
INSERT INTO Sales_Report (report_id, admin_id, start_date, end_date, data_summary) VALUES ('100', '3', '2024-06-15 22:42:56', '2024-11-08 15:31:26', 'sales_report.pdf');
INSERT INTO Sales_Report (report_id, admin_id, start_date, end_date, data_summary) VALUES ('101', '5', '2024-12-12 03:50:45', '2025-01-19 15:29:32', 'sales_report.pdf');
INSERT INTO Sales_Report (report_id, admin_id, start_date, end_date, data_summary) VALUES ('102', '1', '2024-12-13 01:36:16', '2025-02-19 02:40:03', 'sales_report.pdf');
INSERT INTO Sales_Report (report_id, admin_id, start_date, end_date, data_summary) VALUES ('103', '2', '2025-01-03 00:06:09', '2024-06-08 02:47:01', 'sales_report.pdf');
INSERT INTO Sales_Report (report_id, admin_id, start_date, end_date, data_summary) VALUES ('104', '1', '2025-03-05 13:40:18', '2024-06-30 11:28:56', 'sales_report.pdf');
INSERT INTO Sales_Report (report_id, admin_id, start_date, end_date, data_summary) VALUES ('105', '5', '2024-06-05 13:49:02', '2025-01-07 17:05:29', 'sales_report.pdf');
INSERT INTO Sales_Report (report_id, admin_id, start_date, end_date, data_summary) VALUES ('106', '2', '2025-04-12 11:42:22', '2025-04-28 06:41:42', 'sales_report.pdf');
INSERT INTO Sales_Report (report_id, admin_id, start_date, end_date, data_summary) VALUES ('107', '1', '2025-01-14 07:43:33', '2025-05-01 15:21:35', 'sales_report.pdf');
INSERT INTO Sales_Report (report_id, admin_id, start_date, end_date, data_summary) VALUES ('108', '2', '2025-04-21 23:16:14', '2024-10-31 11:52:38', 'sales_report.pdf');
INSERT INTO Sales_Report (report_id, admin_id, start_date, end_date, data_summary) VALUES ('109', '3', '2025-03-12 15:45:00', '2025-04-26 03:13:27', 'sales_report.pdf');
INSERT INTO Sales_Report (report_id, admin_id, start_date, end_date, data_summary) VALUES ('110', '5', '2024-06-19 19:59:45', '2025-01-10 17:14:45', 'sales_report.pdf');
INSERT INTO Sales_Report (report_id, admin_id, start_date, end_date, data_summary) VALUES ('111', '2', '2024-09-09 20:18:58', '2024-11-09 05:52:11', 'sales_report.pdf');
INSERT INTO Sales_Report (report_id, admin_id, start_date, end_date, data_summary) VALUES ('112', '3', '2024-09-07 02:49:57', '2024-11-07 20:35:06', 'sales_report.pdf');
INSERT INTO Sales_Report (report_id, admin_id, start_date, end_date, data_summary) VALUES ('113', '2', '2024-06-08 16:18:27', '2025-04-26 01:24:41', 'sales_report.pdf');
INSERT INTO Sales_Report (report_id, admin_id, start_date, end_date, data_summary) VALUES ('114', '1', '2024-08-28 20:11:32', '2025-03-22 09:57:12', 'sales_report.pdf');
INSERT INTO Sales_Report (report_id, admin_id, start_date, end_date, data_summary) VALUES ('115', '4', '2025-01-22 01:44:57', '2024-12-30 05:31:32', 'sales_report.pdf');
INSERT INTO Sales_Report (report_id, admin_id, start_date, end_date, data_summary) VALUES ('116', '4', '2024-12-02 10:10:00', '2025-04-26 22:26:56', 'sales_report.pdf');
INSERT INTO Sales_Report (report_id, admin_id, start_date, end_date, data_summary) VALUES ('117', '5', '2024-06-21 15:53:33', '2024-07-17 18:10:02', 'sales_report.pdf');
INSERT INTO Sales_Report (report_id, admin_id, start_date, end_date, data_summary) VALUES ('118', '4', '2024-09-19 02:25:16', '2025-03-03 05:49:49', 'sales_report.pdf');
INSERT INTO Sales_Report (report_id, admin_id, start_date, end_date, data_summary) VALUES ('119', '1', '2025-03-12 14:37:40', '2024-11-05 01:22:26', 'sales_report.pdf');
INSERT INTO Sales_Report (report_id, admin_id, start_date, end_date, data_summary) VALUES ('120', '4', '2024-07-01 22:15:43', '2025-06-01 21:52:28', 'sales_report.pdf');
INSERT INTO Sales_Report (report_id, admin_id, start_date, end_date, data_summary) VALUES ('121', '1', '2025-04-10 13:46:27', '2024-10-16 14:40:14', 'sales_report.pdf');
INSERT INTO Sales_Report (report_id, admin_id, start_date, end_date, data_summary) VALUES ('122', '4', '2024-07-07 06:54:03', '2024-12-20 21:22:16', 'sales_report.pdf');
INSERT INTO Sales_Report (report_id, admin_id, start_date, end_date, data_summary) VALUES ('123', '1', '2024-09-09 11:13:44', '2024-09-27 20:51:21', 'sales_report.pdf');
INSERT INTO Sales_Report (report_id, admin_id, start_date, end_date, data_summary) VALUES ('124', '3', '2025-01-19 18:50:19', '2024-11-10 10:29:12', 'sales_report.pdf');
INSERT INTO Sales_Report (report_id, admin_id, start_date, end_date, data_summary) VALUES ('125', '3', '2025-05-27 19:34:19', '2024-08-19 11:59:35', 'sales_report.pdf');
INSERT INTO Sales_Report (report_id, admin_id, start_date, end_date, data_summary) VALUES ('126', '3', '2025-03-08 08:13:57', '2024-06-02 20:11:44', 'sales_report.pdf');
INSERT INTO Sales_Report (report_id, admin_id, start_date, end_date, data_summary) VALUES ('127', '3', '2024-11-30 08:32:02', '2025-05-12 22:55:00', 'sales_report.pdf');
INSERT INTO Sales_Report (report_id, admin_id, start_date, end_date, data_summary) VALUES ('128', '1', '2025-02-08 17:16:40', '2025-03-23 11:07:47', 'sales_report.pdf');
INSERT INTO Sales_Report (report_id, admin_id, start_date, end_date, data_summary) VALUES ('129', '1', '2024-08-27 10:02:22', '2024-11-10 16:54:20', 'sales_report.pdf');
INSERT INTO Sales_Report (report_id, admin_id, start_date, end_date, data_summary) VALUES ('130', '5', '2024-09-23 13:22:40', '2025-02-27 17:29:47', 'sales_report.pdf');
INSERT INTO Sales_Report (report_id, admin_id, start_date, end_date, data_summary) VALUES ('131', '1', '2024-11-03 01:38:13', '2024-10-15 21:41:55', 'sales_report.pdf');
INSERT INTO Sales_Report (report_id, admin_id, start_date, end_date, data_summary) VALUES ('132', '3', '2025-02-20 12:12:40', '2025-05-29 08:00:00', 'sales_report.pdf');
INSERT INTO Sales_Report (report_id, admin_id, start_date, end_date, data_summary) VALUES ('133', '2', '2025-02-26 18:37:32', '2024-06-11 00:42:40', 'sales_report.pdf');
INSERT INTO Sales_Report (report_id, admin_id, start_date, end_date, data_summary) VALUES ('134', '3', '2024-10-09 10:56:38', '2025-05-02 12:20:57', 'sales_report.pdf');
INSERT INTO Sales_Report (report_id, admin_id, start_date, end_date, data_summary) VALUES ('135', '1', '2025-02-27 10:09:41', '2024-12-05 03:51:46', 'sales_report.pdf');
INSERT INTO Sales_Report (report_id, admin_id, start_date, end_date, data_summary) VALUES ('136', '5', '2025-04-04 05:59:19', '2025-04-08 19:34:00', 'sales_report.pdf');
INSERT INTO Sales_Report (report_id, admin_id, start_date, end_date, data_summary) VALUES ('137', '3', '2025-05-02 20:16:29', '2025-03-20 03:46:00', 'sales_report.pdf');
INSERT INTO Sales_Report (report_id, admin_id, start_date, end_date, data_summary) VALUES ('138', '3', '2024-08-07 09:01:18', '2024-11-20 11:38:20', 'sales_report.pdf');
INSERT INTO Sales_Report (report_id, admin_id, start_date, end_date, data_summary) VALUES ('139', '5', '2024-08-24 17:18:44', '2024-07-15 22:16:11', 'sales_report.pdf');
INSERT INTO Sales_Report (report_id, admin_id, start_date, end_date, data_summary) VALUES ('140', '5', '2024-08-26 21:16:15', '2025-03-27 17:53:16', 'sales_report.pdf');
INSERT INTO Sales_Report (report_id, admin_id, start_date, end_date, data_summary) VALUES ('141', '4', '2024-10-10 12:54:31', '2024-06-29 02:23:13', 'sales_report.pdf');
INSERT INTO Sales_Report (report_id, admin_id, start_date, end_date, data_summary) VALUES ('142', '3', '2025-05-24 21:29:44', '2025-05-08 09:25:23', 'sales_report.pdf');
INSERT INTO Sales_Report (report_id, admin_id, start_date, end_date, data_summary) VALUES ('143', '5', '2025-01-20 20:13:20', '2025-04-04 07:04:45', 'sales_report.pdf');
INSERT INTO Sales_Report (report_id, admin_id, start_date, end_date, data_summary) VALUES ('144', '4', '2025-05-01 17:25:36', '2024-07-31 06:25:30', 'sales_report.pdf');
INSERT INTO Sales_Report (report_id, admin_id, start_date, end_date, data_summary) VALUES ('145', '1', '2024-08-31 17:17:07', '2024-12-19 03:53:53', 'sales_report.pdf');
INSERT INTO Sales_Report (report_id, admin_id, start_date, end_date, data_summary) VALUES ('146', '2', '2024-10-18 11:47:25', '2024-10-19 16:46:47', 'sales_report.pdf');
INSERT INTO Sales_Report (report_id, admin_id, start_date, end_date, data_summary) VALUES ('147', '3', '2025-05-21 18:10:09', '2025-05-23 09:02:37', 'sales_report.pdf');
INSERT INTO Sales_Report (report_id, admin_id, start_date, end_date, data_summary) VALUES ('148', '5', '2024-09-24 23:21:38', '2025-03-13 13:27:40', 'sales_report.pdf');
INSERT INTO Sales_Report (report_id, admin_id, start_date, end_date, data_summary) VALUES ('149', '2', '2024-08-13 02:06:55', '2024-09-17 07:16:07', 'sales_report.pdf');
INSERT INTO Sales_Report (report_id, admin_id, start_date, end_date, data_summary) VALUES ('150', '2', '2024-08-11 09:08:30', '2025-02-18 10:31:28', 'sales_report.pdf');
INSERT INTO Sales_Report (report_id, admin_id, start_date, end_date, data_summary) VALUES ('151', '3', '2025-05-27 08:52:19', '2025-04-05 06:35:13', 'sales_report.pdf');
INSERT INTO Sales_Report (report_id, admin_id, start_date, end_date, data_summary) VALUES ('152', '4', '2024-11-04 04:50:36', '2025-01-28 00:21:27', 'sales_report.pdf');
INSERT INTO Sales_Report (report_id, admin_id, start_date, end_date, data_summary) VALUES ('153', '2', '2024-12-05 21:29:40', '2025-01-19 03:10:46', 'sales_report.pdf');
INSERT INTO Sales_Report (report_id, admin_id, start_date, end_date, data_summary) VALUES ('154', '3', '2024-12-25 17:20:11', '2025-04-26 17:32:40', 'sales_report.pdf');
INSERT INTO Sales_Report (report_id, admin_id, start_date, end_date, data_summary) VALUES ('155', '3', '2024-07-27 03:34:51', '2024-12-09 16:05:52', 'sales_report.pdf');
INSERT INTO Sales_Report (report_id, admin_id, start_date, end_date, data_summary) VALUES ('156', '5', '2025-02-18 13:44:15', '2024-09-20 14:20:52', 'sales_report.pdf');
INSERT INTO Sales_Report (report_id, admin_id, start_date, end_date, data_summary) VALUES ('157', '4', '2024-12-28 22:13:11', '2024-10-27 14:16:45', 'sales_report.pdf');
INSERT INTO Sales_Report (report_id, admin_id, start_date, end_date, data_summary) VALUES ('158', '5', '2024-12-16 09:28:51', '2025-03-04 05:23:23', 'sales_report.pdf');
INSERT INTO Sales_Report (report_id, admin_id, start_date, end_date, data_summary) VALUES ('159', '2', '2025-01-26 14:30:25', '2024-10-25 10:54:34', 'sales_report.pdf');
INSERT INTO Sales_Report (report_id, admin_id, start_date, end_date, data_summary) VALUES ('160', '1', '2024-07-02 18:24:31', '2025-02-08 17:40:12', 'sales_report.pdf');
INSERT INTO Sales_Report (report_id, admin_id, start_date, end_date, data_summary) VALUES ('161', '3', '2025-05-11 16:46:02', '2025-03-16 19:31:43', 'sales_report.pdf');
INSERT INTO Sales_Report (report_id, admin_id, start_date, end_date, data_summary) VALUES ('162', '1', '2024-08-28 16:22:06', '2024-07-03 01:19:57', 'sales_report.pdf');
INSERT INTO Sales_Report (report_id, admin_id, start_date, end_date, data_summary) VALUES ('163', '5', '2025-02-28 03:12:26', '2024-07-07 22:34:41', 'sales_report.pdf');
INSERT INTO Sales_Report (report_id, admin_id, start_date, end_date, data_summary) VALUES ('164', '2', '2025-01-23 16:02:14', '2024-12-29 11:56:02', 'sales_report.pdf');
INSERT INTO Sales_Report (report_id, admin_id, start_date, end_date, data_summary) VALUES ('165', '5', '2025-04-06 23:32:36', '2024-07-30 14:48:45', 'sales_report.pdf');
INSERT INTO Sales_Report (report_id, admin_id, start_date, end_date, data_summary) VALUES ('166', '1', '2025-02-08 06:08:58', '2025-03-10 21:41:18', 'sales_report.pdf');
INSERT INTO Sales_Report (report_id, admin_id, start_date, end_date, data_summary) VALUES ('167', '1', '2024-12-18 00:54:39', '2024-07-25 07:58:36', 'sales_report.pdf');
INSERT INTO Sales_Report (report_id, admin_id, start_date, end_date, data_summary) VALUES ('168', '2', '2025-03-23 18:42:24', '2024-12-03 23:45:28', 'sales_report.pdf');
INSERT INTO Sales_Report (report_id, admin_id, start_date, end_date, data_summary) VALUES ('169', '3', '2025-03-01 19:04:49', '2024-07-14 00:21:08', 'sales_report.pdf');
INSERT INTO Sales_Report (report_id, admin_id, start_date, end_date, data_summary) VALUES ('170', '4', '2024-11-20 03:06:54', '2025-01-16 13:37:42', 'sales_report.pdf');
INSERT INTO Sales_Report (report_id, admin_id, start_date, end_date, data_summary) VALUES ('171', '2', '2025-04-28 10:32:37', '2024-06-30 03:36:55', 'sales_report.pdf');
INSERT INTO Sales_Report (report_id, admin_id, start_date, end_date, data_summary) VALUES ('172', '5', '2025-04-27 15:42:40', '2025-01-23 12:23:29', 'sales_report.pdf');
INSERT INTO Sales_Report (report_id, admin_id, start_date, end_date, data_summary) VALUES ('173', '5', '2024-06-21 05:14:06', '2024-12-20 04:40:59', 'sales_report.pdf');
INSERT INTO Sales_Report (report_id, admin_id, start_date, end_date, data_summary) VALUES ('174', '1', '2024-10-20 20:09:14', '2025-04-19 10:44:11', 'sales_report.pdf');
INSERT INTO Sales_Report (report_id, admin_id, start_date, end_date, data_summary) VALUES ('175', '2', '2024-06-26 21:16:50', '2024-11-24 00:50:51', 'sales_report.pdf');
INSERT INTO Sales_Report (report_id, admin_id, start_date, end_date, data_summary) VALUES ('176', '1', '2025-05-06 03:28:51', '2024-11-28 00:22:09', 'sales_report.pdf');
INSERT INTO Sales_Report (report_id, admin_id, start_date, end_date, data_summary) VALUES ('177', '1', '2024-06-10 12:21:57', '2025-02-13 20:48:48', 'sales_report.pdf');
INSERT INTO Sales_Report (report_id, admin_id, start_date, end_date, data_summary) VALUES ('178', '2', '2025-04-28 22:43:37', '2025-03-21 19:48:01', 'sales_report.pdf');
INSERT INTO Sales_Report (report_id, admin_id, start_date, end_date, data_summary) VALUES ('179', '4', '2025-01-23 06:26:27', '2024-08-14 21:36:56', 'sales_report.pdf');
INSERT INTO Sales_Report (report_id, admin_id, start_date, end_date, data_summary) VALUES ('180', '4', '2025-01-11 12:55:20', '2024-12-15 00:49:13', 'sales_report.pdf');
INSERT INTO Sales_Report (report_id, admin_id, start_date, end_date, data_summary) VALUES ('181', '3', '2025-03-27 13:13:29', '2025-02-14 11:03:32', 'sales_report.pdf');
INSERT INTO Sales_Report (report_id, admin_id, start_date, end_date, data_summary) VALUES ('182', '1', '2024-06-15 23:26:11', '2024-12-16 00:51:40', 'sales_report.pdf');
INSERT INTO Sales_Report (report_id, admin_id, start_date, end_date, data_summary) VALUES ('183', '5', '2025-04-08 21:51:06', '2024-11-09 13:01:50', 'sales_report.pdf');
INSERT INTO Sales_Report (report_id, admin_id, start_date, end_date, data_summary) VALUES ('184', '3', '2024-11-28 00:30:42', '2024-08-04 22:57:12', 'sales_report.pdf');
INSERT INTO Sales_Report (report_id, admin_id, start_date, end_date, data_summary) VALUES ('185', '1', '2025-03-06 01:50:26', '2024-09-10 22:23:35', 'sales_report.pdf');
INSERT INTO Sales_Report (report_id, admin_id, start_date, end_date, data_summary) VALUES ('186', '1', '2024-06-30 14:19:26', '2024-11-14 00:26:04', 'sales_report.pdf');
INSERT INTO Sales_Report (report_id, admin_id, start_date, end_date, data_summary) VALUES ('187', '5', '2024-11-17 13:05:58', '2025-02-12 10:11:43', 'sales_report.pdf');
INSERT INTO Sales_Report (report_id, admin_id, start_date, end_date, data_summary) VALUES ('188', '1', '2024-06-28 14:50:55', '2025-05-10 12:47:08', 'sales_report.pdf');
INSERT INTO Sales_Report (report_id, admin_id, start_date, end_date, data_summary) VALUES ('189', '2', '2025-02-27 10:03:37', '2024-08-21 04:02:35', 'sales_report.pdf');
INSERT INTO Sales_Report (report_id, admin_id, start_date, end_date, data_summary) VALUES ('190', '5', '2024-07-13 13:44:02', '2025-05-06 14:18:21', 'sales_report.pdf');
INSERT INTO Sales_Report (report_id, admin_id, start_date, end_date, data_summary) VALUES ('191', '4', '2025-05-31 09:53:42', '2025-01-05 05:17:29', 'sales_report.pdf');
INSERT INTO Sales_Report (report_id, admin_id, start_date, end_date, data_summary) VALUES ('192', '3', '2024-11-20 22:15:10', '2024-11-14 13:10:25', 'sales_report.pdf');
INSERT INTO Sales_Report (report_id, admin_id, start_date, end_date, data_summary) VALUES ('193', '1', '2025-01-31 20:25:44', '2024-06-20 05:11:45', 'sales_report.pdf');
INSERT INTO Sales_Report (report_id, admin_id, start_date, end_date, data_summary) VALUES ('194', '1', '2025-04-24 14:12:43', '2025-01-03 12:54:50', 'sales_report.pdf');
INSERT INTO Sales_Report (report_id, admin_id, start_date, end_date, data_summary) VALUES ('195', '2', '2025-04-12 17:11:49', '2025-02-21 16:53:56', 'sales_report.pdf');
INSERT INTO Sales_Report (report_id, admin_id, start_date, end_date, data_summary) VALUES ('196', '5', '2025-03-07 10:36:46', '2024-06-07 04:56:34', 'sales_report.pdf');
INSERT INTO Sales_Report (report_id, admin_id, start_date, end_date, data_summary) VALUES ('197', '3', '2025-01-22 19:25:02', '2025-04-30 20:52:25', 'sales_report.pdf');
INSERT INTO Sales_Report (report_id, admin_id, start_date, end_date, data_summary) VALUES ('198', '3', '2025-01-01 11:04:28', '2025-02-17 15:00:30', 'sales_report.pdf');
INSERT INTO Sales_Report (report_id, admin_id, start_date, end_date, data_summary) VALUES ('199', '4', '2024-12-16 03:29:21', '2024-10-07 18:14:56', 'sales_report.pdf');
INSERT INTO Sales_Report (report_id, admin_id, start_date, end_date, data_summary) VALUES ('200', '5', '2024-07-28 00:03:55', '2024-08-03 06:47:59', 'sales_report.pdf');

INSERT INTO Shipment (shipment_id, order_id, tracking_number, status) VALUES ('1', '100', '717', 'completed');
INSERT INTO Shipment (shipment_id, order_id, tracking_number, status) VALUES ('2', '31', '478', 'completed');
INSERT INTO Shipment (shipment_id, order_id, tracking_number, status) VALUES ('3', '30', '895', 'shipping');
INSERT INTO Shipment (shipment_id, order_id, tracking_number, status) VALUES ('4', '87', '60', 'processing');
INSERT INTO Shipment (shipment_id, order_id, tracking_number, status) VALUES ('5', '90', '277', 'shipping');
INSERT INTO Shipment (shipment_id, order_id, tracking_number, status) VALUES ('6', '153', '72', 'processing');
INSERT INTO Shipment (shipment_id, order_id, tracking_number, status) VALUES ('7', '122', '442', 'shipping');
INSERT INTO Shipment (shipment_id, order_id, tracking_number, status) VALUES ('8', '151', '976', 'shipping');
INSERT INTO Shipment (shipment_id, order_id, tracking_number, status) VALUES ('9', '11', '278', 'processing');
INSERT INTO Shipment (shipment_id, order_id, tracking_number, status) VALUES ('10', '76', '23', 'completed');
INSERT INTO Shipment (shipment_id, order_id, tracking_number, status) VALUES ('11', '92', '47', 'processing');
INSERT INTO Shipment (shipment_id, order_id, tracking_number, status) VALUES ('12', '62', '257', 'completed');
INSERT INTO Shipment (shipment_id, order_id, tracking_number, status) VALUES ('13', '68', '112', 'processing');
INSERT INTO Shipment (shipment_id, order_id, tracking_number, status) VALUES ('14', '180', '495', 'processing');
INSERT INTO Shipment (shipment_id, order_id, tracking_number, status) VALUES ('15', '24', '569', 'completed');
INSERT INTO Shipment (shipment_id, order_id, tracking_number, status) VALUES ('16', '135', '924', 'completed');
INSERT INTO Shipment (shipment_id, order_id, tracking_number, status) VALUES ('17', '37', '413', 'shipping');
INSERT INTO Shipment (shipment_id, order_id, tracking_number, status) VALUES ('18', '128', '901', 'shipping');
INSERT INTO Shipment (shipment_id, order_id, tracking_number, status) VALUES ('19', '130', '716', 'completed');
INSERT INTO Shipment (shipment_id, order_id, tracking_number, status) VALUES ('20', '179', '12', 'processing');
INSERT INTO Shipment (shipment_id, order_id, tracking_number, status) VALUES ('21', '91', '258', 'processing');
INSERT INTO Shipment (shipment_id, order_id, tracking_number, status) VALUES ('22', '71', '373', 'completed');
INSERT INTO Shipment (shipment_id, order_id, tracking_number, status) VALUES ('23', '59', '25', 'shipping');
INSERT INTO Shipment (shipment_id, order_id, tracking_number, status) VALUES ('24', '141', '813', 'completed');
INSERT INTO Shipment (shipment_id, order_id, tracking_number, status) VALUES ('25', '66', '221', 'completed');
INSERT INTO Shipment (shipment_id, order_id, tracking_number, status) VALUES ('26', '4', '340', 'completed');
INSERT INTO Shipment (shipment_id, order_id, tracking_number, status) VALUES ('27', '181', '997', 'shipping');
INSERT INTO Shipment (shipment_id, order_id, tracking_number, status) VALUES ('28', '17', '207', 'processing');
INSERT INTO Shipment (shipment_id, order_id, tracking_number, status) VALUES ('29', '20', '676', 'shipping');
INSERT INTO Shipment (shipment_id, order_id, tracking_number, status) VALUES ('30', '97', '449', 'shipping');
INSERT INTO Shipment (shipment_id, order_id, tracking_number, status) VALUES ('31', '11', '79', 'processing');
INSERT INTO Shipment (shipment_id, order_id, tracking_number, status) VALUES ('32', '42', '464', 'shipping');
INSERT INTO Shipment (shipment_id, order_id, tracking_number, status) VALUES ('33', '37', '273', 'processing');
INSERT INTO Shipment (shipment_id, order_id, tracking_number, status) VALUES ('34', '119', '215', 'processing');
INSERT INTO Shipment (shipment_id, order_id, tracking_number, status) VALUES ('35', '9', '702', 'completed');
INSERT INTO Shipment (shipment_id, order_id, tracking_number, status) VALUES ('36', '60', '372', 'completed');
INSERT INTO Shipment (shipment_id, order_id, tracking_number, status) VALUES ('37', '131', '138', 'shipping');
INSERT INTO Shipment (shipment_id, order_id, tracking_number, status) VALUES ('38', '35', '978', 'completed');
INSERT INTO Shipment (shipment_id, order_id, tracking_number, status) VALUES ('39', '98', '989', 'shipping');
INSERT INTO Shipment (shipment_id, order_id, tracking_number, status) VALUES ('40', '96', '832', 'completed');
INSERT INTO Shipment (shipment_id, order_id, tracking_number, status) VALUES ('41', '41', '611', 'completed');
INSERT INTO Shipment (shipment_id, order_id, tracking_number, status) VALUES ('42', '133', '665', 'processing');
INSERT INTO Shipment (shipment_id, order_id, tracking_number, status) VALUES ('43', '142', '887', 'shipping');
INSERT INTO Shipment (shipment_id, order_id, tracking_number, status) VALUES ('44', '169', '817', 'shipping');
INSERT INTO Shipment (shipment_id, order_id, tracking_number, status) VALUES ('45', '198', '690', 'shipping');
INSERT INTO Shipment (shipment_id, order_id, tracking_number, status) VALUES ('46', '133', '455', 'processing');
INSERT INTO Shipment (shipment_id, order_id, tracking_number, status) VALUES ('47', '16', '136', 'shipping');
INSERT INTO Shipment (shipment_id, order_id, tracking_number, status) VALUES ('48', '6', '608', 'processing');
INSERT INTO Shipment (shipment_id, order_id, tracking_number, status) VALUES ('49', '199', '142', 'shipping');
INSERT INTO Shipment (shipment_id, order_id, tracking_number, status) VALUES ('50', '6', '513', 'processing');
INSERT INTO Shipment (shipment_id, order_id, tracking_number, status) VALUES ('51', '94', '489', 'shipping');
INSERT INTO Shipment (shipment_id, order_id, tracking_number, status) VALUES ('52', '145', '330', 'completed');
INSERT INTO Shipment (shipment_id, order_id, tracking_number, status) VALUES ('53', '171', '253', 'processing');
INSERT INTO Shipment (shipment_id, order_id, tracking_number, status) VALUES ('54', '91', '977', 'processing');
INSERT INTO Shipment (shipment_id, order_id, tracking_number, status) VALUES ('55', '139', '175', 'processing');
INSERT INTO Shipment (shipment_id, order_id, tracking_number, status) VALUES ('56', '55', '81', 'processing');
INSERT INTO Shipment (shipment_id, order_id, tracking_number, status) VALUES ('57', '40', '505', 'completed');
INSERT INTO Shipment (shipment_id, order_id, tracking_number, status) VALUES ('58', '100', '532', 'shipping');
INSERT INTO Shipment (shipment_id, order_id, tracking_number, status) VALUES ('59', '3', '103', 'completed');
INSERT INTO Shipment (shipment_id, order_id, tracking_number, status) VALUES ('60', '83', '56', 'shipping');
INSERT INTO Shipment (shipment_id, order_id, tracking_number, status) VALUES ('61', '8', '160', 'completed');
INSERT INTO Shipment (shipment_id, order_id, tracking_number, status) VALUES ('62', '103', '168', 'shipping');
INSERT INTO Shipment (shipment_id, order_id, tracking_number, status) VALUES ('63', '196', '916', 'processing');
INSERT INTO Shipment (shipment_id, order_id, tracking_number, status) VALUES ('64', '47', '387', 'processing');
INSERT INTO Shipment (shipment_id, order_id, tracking_number, status) VALUES ('65', '191', '308', 'completed');
INSERT INTO Shipment (shipment_id, order_id, tracking_number, status) VALUES ('66', '175', '804', 'processing');
INSERT INTO Shipment (shipment_id, order_id, tracking_number, status) VALUES ('67', '142', '125', 'processing');
INSERT INTO Shipment (shipment_id, order_id, tracking_number, status) VALUES ('68', '115', '946', 'shipping');
INSERT INTO Shipment (shipment_id, order_id, tracking_number, status) VALUES ('69', '149', '633', 'completed');
INSERT INTO Shipment (shipment_id, order_id, tracking_number, status) VALUES ('70', '123', '381', 'processing');
INSERT INTO Shipment (shipment_id, order_id, tracking_number, status) VALUES ('71', '142', '974', 'processing');
INSERT INTO Shipment (shipment_id, order_id, tracking_number, status) VALUES ('72', '43', '936', 'completed');
INSERT INTO Shipment (shipment_id, order_id, tracking_number, status) VALUES ('73', '71', '907', 'processing');
INSERT INTO Shipment (shipment_id, order_id, tracking_number, status) VALUES ('74', '191', '406', 'completed');
INSERT INTO Shipment (shipment_id, order_id, tracking_number, status) VALUES ('75', '67', '610', 'shipping');
INSERT INTO Shipment (shipment_id, order_id, tracking_number, status) VALUES ('76', '182', '879', 'processing');
INSERT INTO Shipment (shipment_id, order_id, tracking_number, status) VALUES ('77', '80', '849', 'completed');
INSERT INTO Shipment (shipment_id, order_id, tracking_number, status) VALUES ('78', '5', '491', 'shipping');
INSERT INTO Shipment (shipment_id, order_id, tracking_number, status) VALUES ('79', '149', '854', 'completed');
INSERT INTO Shipment (shipment_id, order_id, tracking_number, status) VALUES ('80', '95', '34', 'processing');
INSERT INTO Shipment (shipment_id, order_id, tracking_number, status) VALUES ('81', '26', '472', 'shipping');
INSERT INTO Shipment (shipment_id, order_id, tracking_number, status) VALUES ('82', '179', '165', 'shipping');
INSERT INTO Shipment (shipment_id, order_id, tracking_number, status) VALUES ('83', '199', '900', 'completed');
INSERT INTO Shipment (shipment_id, order_id, tracking_number, status) VALUES ('84', '197', '633', 'completed');
INSERT INTO Shipment (shipment_id, order_id, tracking_number, status) VALUES ('85', '197', '979', 'processing');
INSERT INTO Shipment (shipment_id, order_id, tracking_number, status) VALUES ('86', '25', '279', 'processing');
INSERT INTO Shipment (shipment_id, order_id, tracking_number, status) VALUES ('87', '76', '193', 'processing');
INSERT INTO Shipment (shipment_id, order_id, tracking_number, status) VALUES ('88', '88', '351', 'processing');
INSERT INTO Shipment (shipment_id, order_id, tracking_number, status) VALUES ('89', '55', '307', 'shipping');
INSERT INTO Shipment (shipment_id, order_id, tracking_number, status) VALUES ('90', '90', '12', 'completed');
INSERT INTO Shipment (shipment_id, order_id, tracking_number, status) VALUES ('91', '175', '63', 'processing');
INSERT INTO Shipment (shipment_id, order_id, tracking_number, status) VALUES ('92', '29', '336', 'shipping');
INSERT INTO Shipment (shipment_id, order_id, tracking_number, status) VALUES ('93', '13', '344', 'completed');
INSERT INTO Shipment (shipment_id, order_id, tracking_number, status) VALUES ('94', '30', '170', 'completed');
INSERT INTO Shipment (shipment_id, order_id, tracking_number, status) VALUES ('95', '86', '857', 'shipping');
INSERT INTO Shipment (shipment_id, order_id, tracking_number, status) VALUES ('96', '5', '167', 'completed');
INSERT INTO Shipment (shipment_id, order_id, tracking_number, status) VALUES ('97', '99', '972', 'processing');
INSERT INTO Shipment (shipment_id, order_id, tracking_number, status) VALUES ('98', '143', '126', 'shipping');
INSERT INTO Shipment (shipment_id, order_id, tracking_number, status) VALUES ('99', '187', '694', 'processing');
INSERT INTO Shipment (shipment_id, order_id, tracking_number, status) VALUES ('100', '70', '70', 'shipping');
INSERT INTO Shipment (shipment_id, order_id, tracking_number, status) VALUES ('101', '21', '855', 'shipping');
INSERT INTO Shipment (shipment_id, order_id, tracking_number, status) VALUES ('102', '136', '874', 'completed');
INSERT INTO Shipment (shipment_id, order_id, tracking_number, status) VALUES ('103', '59', '551', 'processing');
INSERT INTO Shipment (shipment_id, order_id, tracking_number, status) VALUES ('104', '27', '319', 'completed');
INSERT INTO Shipment (shipment_id, order_id, tracking_number, status) VALUES ('105', '71', '528', 'completed');
INSERT INTO Shipment (shipment_id, order_id, tracking_number, status) VALUES ('106', '156', '934', 'shipping');
INSERT INTO Shipment (shipment_id, order_id, tracking_number, status) VALUES ('107', '122', '762', 'completed');
INSERT INTO Shipment (shipment_id, order_id, tracking_number, status) VALUES ('108', '42', '770', 'shipping');
INSERT INTO Shipment (shipment_id, order_id, tracking_number, status) VALUES ('109', '163', '837', 'completed');
INSERT INTO Shipment (shipment_id, order_id, tracking_number, status) VALUES ('110', '76', '630', 'shipping');
INSERT INTO Shipment (shipment_id, order_id, tracking_number, status) VALUES ('111', '150', '570', 'processing');
INSERT INTO Shipment (shipment_id, order_id, tracking_number, status) VALUES ('112', '49', '901', 'completed');
INSERT INTO Shipment (shipment_id, order_id, tracking_number, status) VALUES ('113', '87', '66', 'processing');
INSERT INTO Shipment (shipment_id, order_id, tracking_number, status) VALUES ('114', '14', '34', 'processing');
INSERT INTO Shipment (shipment_id, order_id, tracking_number, status) VALUES ('115', '106', '691', 'processing');
INSERT INTO Shipment (shipment_id, order_id, tracking_number, status) VALUES ('116', '7', '30', 'completed');
INSERT INTO Shipment (shipment_id, order_id, tracking_number, status) VALUES ('117', '159', '751', 'shipping');
INSERT INTO Shipment (shipment_id, order_id, tracking_number, status) VALUES ('118', '58', '565', 'shipping');
INSERT INTO Shipment (shipment_id, order_id, tracking_number, status) VALUES ('119', '155', '71', 'completed');
INSERT INTO Shipment (shipment_id, order_id, tracking_number, status) VALUES ('120', '56', '315', 'shipping');
INSERT INTO Shipment (shipment_id, order_id, tracking_number, status) VALUES ('121', '185', '213', 'processing');
INSERT INTO Shipment (shipment_id, order_id, tracking_number, status) VALUES ('122', '193', '648', 'shipping');
INSERT INTO Shipment (shipment_id, order_id, tracking_number, status) VALUES ('123', '120', '182', 'completed');
INSERT INTO Shipment (shipment_id, order_id, tracking_number, status) VALUES ('124', '42', '225', 'completed');
INSERT INTO Shipment (shipment_id, order_id, tracking_number, status) VALUES ('125', '55', '153', 'completed');
INSERT INTO Shipment (shipment_id, order_id, tracking_number, status) VALUES ('126', '101', '366', 'shipping');
INSERT INTO Shipment (shipment_id, order_id, tracking_number, status) VALUES ('127', '178', '856', 'shipping');
INSERT INTO Shipment (shipment_id, order_id, tracking_number, status) VALUES ('128', '62', '387', 'processing');
INSERT INTO Shipment (shipment_id, order_id, tracking_number, status) VALUES ('129', '56', '585', 'shipping');
INSERT INTO Shipment (shipment_id, order_id, tracking_number, status) VALUES ('130', '122', '373', 'completed');
INSERT INTO Shipment (shipment_id, order_id, tracking_number, status) VALUES ('131', '145', '768', 'processing');
INSERT INTO Shipment (shipment_id, order_id, tracking_number, status) VALUES ('132', '169', '616', 'processing');
INSERT INTO Shipment (shipment_id, order_id, tracking_number, status) VALUES ('133', '51', '181', 'processing');
INSERT INTO Shipment (shipment_id, order_id, tracking_number, status) VALUES ('134', '191', '792', 'processing');
INSERT INTO Shipment (shipment_id, order_id, tracking_number, status) VALUES ('135', '12', '830', 'shipping');
INSERT INTO Shipment (shipment_id, order_id, tracking_number, status) VALUES ('136', '127', '655', 'shipping');
INSERT INTO Shipment (shipment_id, order_id, tracking_number, status) VALUES ('137', '174', '925', 'shipping');
INSERT INTO Shipment (shipment_id, order_id, tracking_number, status) VALUES ('138', '147', '313', 'processing');
INSERT INTO Shipment (shipment_id, order_id, tracking_number, status) VALUES ('139', '190', '690', 'processing');
INSERT INTO Shipment (shipment_id, order_id, tracking_number, status) VALUES ('140', '118', '862', 'processing');
INSERT INTO Shipment (shipment_id, order_id, tracking_number, status) VALUES ('141', '169', '680', 'processing');
INSERT INTO Shipment (shipment_id, order_id, tracking_number, status) VALUES ('142', '167', '472', 'processing');
INSERT INTO Shipment (shipment_id, order_id, tracking_number, status) VALUES ('143', '200', '651', 'shipping');
INSERT INTO Shipment (shipment_id, order_id, tracking_number, status) VALUES ('144', '62', '615', 'shipping');
INSERT INTO Shipment (shipment_id, order_id, tracking_number, status) VALUES ('145', '16', '12', 'shipping');
INSERT INTO Shipment (shipment_id, order_id, tracking_number, status) VALUES ('146', '179', '934', 'shipping');
INSERT INTO Shipment (shipment_id, order_id, tracking_number, status) VALUES ('147', '178', '399', 'completed');
INSERT INTO Shipment (shipment_id, order_id, tracking_number, status) VALUES ('148', '66', '546', 'completed');
INSERT INTO Shipment (shipment_id, order_id, tracking_number, status) VALUES ('149', '186', '723', 'shipping');
INSERT INTO Shipment (shipment_id, order_id, tracking_number, status) VALUES ('150', '199', '457', 'completed');
INSERT INTO Shipment (shipment_id, order_id, tracking_number, status) VALUES ('151', '130', '752', 'shipping');
INSERT INTO Shipment (shipment_id, order_id, tracking_number, status) VALUES ('152', '48', '524', 'completed');
INSERT INTO Shipment (shipment_id, order_id, tracking_number, status) VALUES ('153', '33', '711', 'processing');
INSERT INTO Shipment (shipment_id, order_id, tracking_number, status) VALUES ('154', '101', '564', 'processing');
INSERT INTO Shipment (shipment_id, order_id, tracking_number, status) VALUES ('155', '123', '853', 'shipping');
INSERT INTO Shipment (shipment_id, order_id, tracking_number, status) VALUES ('156', '98', '623', 'shipping');
INSERT INTO Shipment (shipment_id, order_id, tracking_number, status) VALUES ('157', '79', '143', 'shipping');
INSERT INTO Shipment (shipment_id, order_id, tracking_number, status) VALUES ('158', '151', '25', 'processing');
INSERT INTO Shipment (shipment_id, order_id, tracking_number, status) VALUES ('159', '28', '385', 'processing');
INSERT INTO Shipment (shipment_id, order_id, tracking_number, status) VALUES ('160', '126', '341', 'completed');
INSERT INTO Shipment (shipment_id, order_id, tracking_number, status) VALUES ('161', '63', '619', 'processing');
INSERT INTO Shipment (shipment_id, order_id, tracking_number, status) VALUES ('162', '122', '684', 'processing');
INSERT INTO Shipment (shipment_id, order_id, tracking_number, status) VALUES ('163', '8', '123', 'processing');
INSERT INTO Shipment (shipment_id, order_id, tracking_number, status) VALUES ('164', '109', '326', 'completed');
INSERT INTO Shipment (shipment_id, order_id, tracking_number, status) VALUES ('165', '108', '859', 'completed');
INSERT INTO Shipment (shipment_id, order_id, tracking_number, status) VALUES ('166', '45', '716', 'completed');
INSERT INTO Shipment (shipment_id, order_id, tracking_number, status) VALUES ('167', '70', '679', 'completed');
INSERT INTO Shipment (shipment_id, order_id, tracking_number, status) VALUES ('168', '189', '743', 'processing');
INSERT INTO Shipment (shipment_id, order_id, tracking_number, status) VALUES ('169', '71', '659', 'processing');
INSERT INTO Shipment (shipment_id, order_id, tracking_number, status) VALUES ('170', '162', '743', 'completed');
INSERT INTO Shipment (shipment_id, order_id, tracking_number, status) VALUES ('171', '67', '387', 'shipping');
INSERT INTO Shipment (shipment_id, order_id, tracking_number, status) VALUES ('172', '187', '805', 'processing');
INSERT INTO Shipment (shipment_id, order_id, tracking_number, status) VALUES ('173', '62', '971', 'completed');
INSERT INTO Shipment (shipment_id, order_id, tracking_number, status) VALUES ('174', '107', '546', 'shipping');
INSERT INTO Shipment (shipment_id, order_id, tracking_number, status) VALUES ('175', '10', '556', 'completed');
INSERT INTO Shipment (shipment_id, order_id, tracking_number, status) VALUES ('176', '200', '258', 'completed');
INSERT INTO Shipment (shipment_id, order_id, tracking_number, status) VALUES ('177', '37', '689', 'processing');
INSERT INTO Shipment (shipment_id, order_id, tracking_number, status) VALUES ('178', '122', '738', 'processing');
INSERT INTO Shipment (shipment_id, order_id, tracking_number, status) VALUES ('179', '7', '696', 'completed');
INSERT INTO Shipment (shipment_id, order_id, tracking_number, status) VALUES ('180', '148', '594', 'shipping');
INSERT INTO Shipment (shipment_id, order_id, tracking_number, status) VALUES ('181', '33', '35', 'processing');
INSERT INTO Shipment (shipment_id, order_id, tracking_number, status) VALUES ('182', '139', '416', 'completed');
INSERT INTO Shipment (shipment_id, order_id, tracking_number, status) VALUES ('183', '107', '397', 'completed');
INSERT INTO Shipment (shipment_id, order_id, tracking_number, status) VALUES ('184', '70', '238', 'processing');
INSERT INTO Shipment (shipment_id, order_id, tracking_number, status) VALUES ('185', '43', '424', 'completed');
INSERT INTO Shipment (shipment_id, order_id, tracking_number, status) VALUES ('186', '40', '512', 'processing');
INSERT INTO Shipment (shipment_id, order_id, tracking_number, status) VALUES ('187', '104', '58', 'shipping');
INSERT INTO Shipment (shipment_id, order_id, tracking_number, status) VALUES ('188', '40', '480', 'completed');
INSERT INTO Shipment (shipment_id, order_id, tracking_number, status) VALUES ('189', '134', '163', 'completed');
INSERT INTO Shipment (shipment_id, order_id, tracking_number, status) VALUES ('190', '71', '648', 'completed');
INSERT INTO Shipment (shipment_id, order_id, tracking_number, status) VALUES ('191', '131', '905', 'processing');
INSERT INTO Shipment (shipment_id, order_id, tracking_number, status) VALUES ('192', '144', '389', 'completed');
INSERT INTO Shipment (shipment_id, order_id, tracking_number, status) VALUES ('193', '200', '783', 'processing');
INSERT INTO Shipment (shipment_id, order_id, tracking_number, status) VALUES ('194', '190', '604', 'completed');
INSERT INTO Shipment (shipment_id, order_id, tracking_number, status) VALUES ('195', '66', '71', 'completed');
INSERT INTO Shipment (shipment_id, order_id, tracking_number, status) VALUES ('196', '126', '870', 'shipping');
INSERT INTO Shipment (shipment_id, order_id, tracking_number, status) VALUES ('197', '97', '76', 'processing');
INSERT INTO Shipment (shipment_id, order_id, tracking_number, status) VALUES ('198', '60', '700', 'processing');
INSERT INTO Shipment (shipment_id, order_id, tracking_number, status) VALUES ('199', '170', '216', 'shipping');
INSERT INTO Shipment (shipment_id, order_id, tracking_number, status) VALUES ('200', '178', '194', 'shipping');